col0,col1,col2,col3,col4,col5,col6,col7,col8,col9,col10,label
-1.0185133033031777,-0.9185712334707324,0,0.46074997801299394,-18.880913403833212,0.20303190976163824,-1.5920960607970027,0.08295187843663995,-0.16837825406180534,-0.3748657433108873,1,-104.11030090482731
-0.8642114580321684,1.5051603014536405,0,0.6069276010106848,-20.206970439755562,0.8283080426848521,0.29966725538268635,0.40772557698722883,-1.8506866499657548,-0.2534480416234098,0,48.98226512932256
-2.1477841014848167,0.19999875169156697,1,0.27723401481138715,-21.62448819584448,-1.2547395780374626,-0.499009359184217,0.07382753513831643,-0.4568904941269963,0.24234122570489253,0,-152.24775764458172
-0.553447294331269,0.33028717194001933,0,-0.2794344627211099,-4.139728146307112,-0.43179249250531027,1.5954126713609718,-0.1078429046723153,-0.4291038137840335,1.4456517978809844,0,-42.373756988036234
0.5753832431406727,-0.26858972764313993,0,0.5355897497152636,-8.787808162128048,1.8649279469143634,-1.2075628241673282,-1.2470422987071748,-2.057799036954157,-0.9400980502231959,0,-77.21723474858241
-3.1315326375061727,-1.140204242869363,1,-1.8828921738819282,-12.643367610510378,-1.567980733802263,-1.82749062865986,-0.1931515070468712,0.05325154988057112,0.21168241897540999,0,-307.13788312061615
0.7655877427766508,0.9481081813948955,0,-0.7222592068380834,-1.2603778706937323,0.0365548678895864,1.4885688496546874,-1.815734793620424,-0.6783278888287211,0.858103610948977,1,-67.77323507783774
0.0770515164169265,-1.3412756434699105,0,1.0818072087090043,6.565367375308128,-0.8193685179654319,0.13849677187475654,0.3475582074420538,-0.06016674612055094,2.0181162259048073,0,-52.979989340094
-0.8258601618109671,1.6783997560110433,1,-0.3014308001076902,8.17256794304215,-0.3507904727032471,-1.277283991154219,-1.5854725373875822,0.03658518917459502,0.5271252293521734,0,-108.37729845157148
-2.3044097446993668,1.0074089556662875,0,2.0912089882676326,-12.521677291245421,-0.2607099218269768,-1.0974597667127288,-0.04130379902695416,-0.5743206744617629,2.1616620300943157,1,-111.23306771854422
-0.9890827688535443,0.18401175345252635,0,0.7199943210891725,-51.713142739032435,-0.3491791937166488,-1.4814991942083406,-0.9755690809401362,-1.0257723291998142,0.21984507754685528,0,-159.850713334523
0.7167272583965253,-0.9614515759476789,0,-0.9299979669900388,-1.7266626371375011,-0.5499820101015954,1.6740525143472438,-0.47143141909589387,0.4294486235259233,0.5436831490455561,0,-50.49313428690291
-0.8981974659411974,0.5903194658366192,0,0.007154799946876412,-2.2913828861519967,1.051193440127425,0.3648293743213003,-0.482644058909168,-0.8196653862665504,-0.5864990108467509,1,-58.46040691790851
0.6956806304856961,1.4387209161064616,0,2.0977003695722938,-0.8118692381791224,1.002280615436339,-0.2607419110717928,0.2916825331698258,-0.8783137832430332,-0.23199310047900623,0,152.56805066257306
-0.14054281928451431,1.0028838985310553,0,0.9358883503986349,-31.475888548041436,1.5745275754891739,0.11349734612936785,0.01717922025664033,0.36014007662654773,1.2074867614270062,0,82.59808120424624
-0.7859685840257525,-1.5157264113096716,0,-1.951749014767883,-6.507098760479937,-1.6884487561354575,-0.6911078727134927,3.0551781979076154,0.5688071816004953,-0.09085419561735913,1,108.48862078580916
0.5847313702667409,-1.936374580962854,0,0.22692974569669105,-29.19240186328492,0.7437435335878684,0.24813133640826157,0.15350872485551026,0.4393432395318125,-1.2265116878223294,0,-29.3092225016712
0.09285159578184374,0.0329107436833798,0,-0.9816266621184563,-18.693698081118438,0.14082580812080334,1.1588310011414815,-1.4550316536333607,-1.086975524037334,-1.0755827212699385,1,-131.2136576785117
-0.6261112708456289,-0.20837795567343803,1,-0.5466413362248275,-31.403902215360798,-1.0807128291829697,-0.6418874300514769,1.019867184387975,0.3375637711027521,1.595047125355505,0,20.227281098613275
0.3510882881796874,0.658062419910152,0,0.22856094356389658,-40.30934289929315,-1.3460474039886687,0.780410281615806,1.026692741639216,-1.8099547931468323,-1.4871635186361432,1,91.56719736501272
-0.2989363813697162,0.9175317470651082,0,0.6681514180015299,18.41157526161678,1.5687366007134413,0.2084306953246522,-0.39425978692352254,0.7687653340776949,-0.8228369418283016,0,38.32488472716416
0.42061942988215595,-0.573990504346613,0,-1.3780033001049257,-46.72614047137982,-1.4040482705696968,1.8963292488686583,-0.4929859023320405,1.152153928806147,2.501538715884397,1,-57.81334259794188
0.17453346127575925,0.6771794879861175,0,1.1171715524763015,10.54394415906258,0.875857738398625,-1.2339971647645631,-0.43344967253851885,0.14023172398007175,1.395492997268327,0,29.098553937623592
-0.740705231852035,0.3790159711922538,1,0.10178934910753104,-31.189693685835042,0.5526445903176257,1.0627728614438738,0.8097450783273767,0.5547290451417417,1.5863298244646193,0,62.16138409702563
0.4878864446835689,-0.32737016996778473,0,0.4934870839845051,-27.093350748958642,1.953036333725765,0.17691618445167848,-0.7427811021326568,-1.3571074283658202,1.4796387926889762,0,-30.202395242767423
-1.148990733510148,1.0429875771950516,0,1.370248102218841,-16.105374895520804,0.8051924166241189,-1.1107395604966137,0.021599290794207714,-1.073863844435032,-0.8096091688343416,1,-15.859500712288778
-1.486704434707178,0.5136279011665921,0,0.0751267716404572,-9.313746718635063,0.028990846523000435,0.6759294306347422,0.49677004565436017,1.2167952778496243,0.6414053675318767,0,-6.373120678772246
-1.2209365006387463,0.1665851526141951,0,-0.8747438656086312,-55.882146204547595,0.3402975790233468,-0.31475930464929885,0.733833769623788,0.496165992260007,-0.42643629166937924,0,8.687516416584586
-1.4708284773648357,-0.6480905595494187,0,0.1429070219415275,-26.65213907189674,0.488809647457829,0.35202220786410443,0.41391739046189596,-2.237531892317712,-1.3109803970932783,0,-114.54666468470475
1.421958647129714,0.22643081440040952,0,1.5139873028471138,-28.174210356024943,0.4533716036027021,1.2679578485521166,0.02169244145739198,1.4667577504213425,-0.8642246094869654,0,135.01816096785046
0.6963740024831563,0.5298616109788242,1,0.011336524652620127,8.167718172544213,0.4018294789898239,0.24224054726708238,0.3972468205501018,1.0464670770976299,-1.2372842534877695,0,129.9940822857485
-0.9258924027067466,0.13691074579464602,0,-1.2246511992028701,-22.187463553097874,0.17924739903166867,0.8743076762964671,-0.2346987429751874,-0.28892647751686423,-0.2424090802227362,0,-72.62567736378529
0.4977149734079217,-0.5872407130605887,1,-0.3175335207199986,3.4565549274788374,-0.025554156534845485,0.13612639768337512,-0.006775448933593729,1.4380046738141603,1.1110490683848964,1,20.852458862596723
-0.008177713518460234,1.569806490341357,0,1.3856212458487038,-22.833661968188906,0.09828237104165805,0.07550426175837918,-1.2122950136359727,0.09201392338691708,0.9890797758789953,1,-19.735228092050733
-0.5168684950510263,-0.8432779659070884,0,-1.3503605226616953,7.051403249567411,-0.011271341816881003,0.5317035067428523,1.2006975407709506,-0.39518430974216195,0.27993496305040466,0,20.720931584137404
-0.563755600469292,1.2596046293489398,0,-0.6027549133305842,-32.59970456251684,-1.6552673661186037,0.1767284022772849,0.1098109339430509,-0.26759496031406976,0.6269670771350653,1,1.8030269797098768
-0.4158441598518964,0.6884910785765027,0,-1.1772550099914534,-15.357614968511557,-0.3832472395664214,-0.5188009228008501,1.4990465693783979,-1.0235787257955606,0.17574947123934956,1,116.4048173378079
0.019589615204074113,-0.9734707373790958,0,0.7394781489803536,12.553770558279805,-0.053810879813601394,0.8434278254020129,0.7456401659861258,-0.36110605703360343,0.5687470144666751,1,8.328403465489437
0.33486786692589654,-0.5959547143497638,1,-0.13006321617950828,-16.611539778452983,-0.2513218028317009,-0.6975372796349881,0.5914035849553981,0.20151365830091308,-2.340332512056498,0,39.03559647998542
0.5945331051558925,2.1043936447459273,0,0.1640527179129699,-21.98608802311405,-2.4521256027178118,-0.8469124375356525,-2.0439844763272013,-0.49801359308775356,1.1207611609951178,0,-86.12469501988343
1.2104382912060512,-0.6999245376893464,0,-1.2317202955108049,17.99138871190267,-0.016809650160556095,0.4219390821667668,-1.5723573410038754,0.9693446963968531,-0.3002016973497738,0,-81.74141655654307
0.5786061070968027,-1.2820000395144322,0,0.8508181657473552,-14.279920451395629,-1.4617382552166616,-1.9719222073598572,-0.33829361631084226,0.8378167778734321,0.680822151814894,0,-77.26060669750716
-0.368758383994143,0.1524755949500387,0,-1.3976197310932366,-4.249278705942036,1.139022906220832,1.0934137481614892,0.19097520923118538,-0.1371470581731506,0.3786502220460492,1,22.340926182277183
-0.053243717072283155,-2.147283413418745,1,1.251106327761614,-14.786530374715362,0.20912896139936524,-0.19814541003113498,-0.8372507051201153,0.9802634645160984,0.3851558828188291,1,-169.68081979561907
-0.3716804274093779,-1.20433372544196,0,0.8193397008619339,-19.433846547880616,0.23087594536531159,-0.6949782937104181,0.44754091004246777,-0.9144009228250383,-0.4203016441477717,0,-56.72619844693976
0.7129139867390317,-0.3218781156078947,0,0.6046753452452579,-6.491550953069921,-0.8916066410207145,-1.9091065152805846,-0.16548403048606752,1.1718645577264755,1.7575189953502897,0,13.10684669473045
-0.01218635912799067,-1.3308819329942612,0,-0.48595365559657255,-44.88728158369753,-1.0036745217180387,0.33378060981325564,-0.1670325714010991,0.9927110778089598,-0.7547424092810259,0,-90.9787193133941
1.4922442861530716,0.5208930741721182,1,-1.5844434377080328,-34.385370769051946,-0.4313907302529562,0.8291810369883793,-0.6108577515208928,0.9556906491959468,-1.0688075153694572,0,74.62852195690105
1.2956036511440256,0.34177126981168476,0,-1.4738931147165792,-17.650394667458784,-0.18206503462979673,-1.8174384290168195,1.1864282222252998,0.9110309031418063,0.3719486202103925,1,212.59423186554594
0.29784879568858214,-0.6000364112998751,0,-0.6705794796745004,-23.078930121694157,0.41794254048052937,-1.999256929507024,-1.6841577381729969,2.1890193441787718,1.514111903129393,1,-117.52092058230787
-0.8959805348724984,0.8103202259106128,0,1.1392842437430601,-21.857302378802324,0.3128213732833216,-1.3827217250645,-1.1241938306820642,1.6699885316551555,0.3311232862427548,0,-80.94666404519523
0.18729283129955618,-0.4297532994813792,0,-0.9741856200100156,-4.317470720966117,-0.7244988320159222,-0.37661471853771017,-1.7350148494544173,1.3407190009515597,1.555153895204214,0,-155.84055503325277
0.006944177520159078,-1.1130664022471957,0,1.3899106459123636,-5.10854556532675,1.5438556055865098,1.5135762378116078,-0.10563234641745704,-0.7312694723178811,-0.45528345806863824,0,-46.112312727272936
-0.6905616329207782,-0.8837505352511039,0,-1.4964060204342853,8.369646262116866,-1.199579880753978,-0.9888555079487528,1.4785215778691914,-0.25687232734125026,1.3378047129588813,0,9.261944097107246
1.0037542223131186,0.5437318880008131,1,-0.18249374971023716,-28.91826621662245,0.48298574698403895,-0.355972354811425,-1.4411181979768968,-1.4945548595770095,0.7096903453914706,1,-44.211970758189594
0.8420121563995405,1.4060524786511108,1,-1.192876028495331,-5.027717227047729,-0.03496763488545163,1.2807859228435174,0.06725616925136549,0.08730832721977758,-1.8781192871081192,0,133.6616107388316
0.12370393042233205,0.5025981765424128,0,-0.5036100697866921,-11.66779462001132,-0.6900380907362984,0.21793813256736735,-0.3979250377172156,-0.19056833933888281,-0.5395553613571031,1,-17.11550081499371
0.8102001584459416,-0.4595744907883191,0,0.8421860613636909,8.419771591998174,1.2742336383536181,-0.37272577914789307,0.7064934801693524,-2.170145716960899,1.062746970358701,1,82.91731229236476
-0.7293573003743171,-0.2290792011143523,0,-0.10329411957413669,-8.396387969797228,-0.20616017101669562,2.0589375140605934,1.1224953624060188,-0.4027029437423566,-0.4602831706083183,0,28.514989226622205
0.06466276123368336,0.767730461936337,0,0.38748945359725234,-3.3490026412201033,0.9242510831077821,0.10375353949905579,0.35896850906775435,-0.20141384023032058,0.7358293156115697,0,91.36316058661691
0.1384856949851273,-0.7103546669195391,0,-0.9494255962620517,-26.309492281736055,0.8982078519319271,0.5918428496293975,-0.35039566322347243,-0.5423252893920721,0.19537711975443325,1,-48.25483150454927
0.6347251806219769,-0.15106229799611615,1,-0.5891227785207547,-21.23476974328226,-1.848229171836762,2.8932171626434977,-0.3434353270111685,0.27446610636650204,0.5188772096527493,0,-31.028858791847263
1.0352253033916154,-1.4233731148614672,0,-0.48920486831946985,-35.00851729889556,0.5818900297339383,-0.9632617534911743,2.521367034999907,0.5355062371800597,-1.4080274530365344,1,229.10582326551125
0.46639278339030743,0.17775663716472317,0,-0.2423167349871146,-26.999651871185435,0.4348646059750708,-0.28665185924989056,0.4365481260689568,0.5292345477272432,-0.4492065306910678,1,93.40659751354102
0.7330015701918849,0.17038733380594243,1,-0.19445813437462764,-6.766602667780418,-0.39057936080794725,1.4089145830680239,1.2598281068399257,1.0765379767212515,-0.5314152467420227,0,172.2969258106073
-0.8509439496115301,-2.0343448139775115,0,1.5472383394653413,-27.104554237242752,0.7060771062167686,-1.2265686440552352,-1.1585994893707285,-0.4360011961534218,-0.6153557989435284,0,-252.890107980276
1.3723919162305753,1.3998907267081866,0,-1.0012061539954213,-30.802486354960475,-1.370391579231975,0.40056495640451684,0.11797533293532893,-0.18961134267730115,-0.9406931696825237,0,140.0958954568229
-0.6611811561968085,-0.6079081809556811,0,0.726843693697474,-29.671440311225744,-0.09200487159129418,0.5699602669322034,-0.9885982855699718,1.0299943614561382,-0.07396419115147913,0,-146.24491832711632
-0.33153183635366446,0.980849744393764,1,-0.3097437042423458,-14.800469120249845,-1.4151256747389436,0.2807993885023861,1.7648330798359084,0.23436391660775954,-1.3168384479562987,0,157.3611479831526
0.2958684607912419,-0.48000043346373267,0,-2.76684040880133,-10.128500161092926,0.6183766324303411,-0.5188253415741916,-0.180125048981878,0.4739407831060562,0.4286457353855016,1,-2.2952443272678966
-0.6017255928722364,0.4463424291602779,0,-0.9076150672089717,-32.819172972270195,1.602450400936157,0.14873425064712636,-0.01898236597565934,-0.8210259273712803,-0.3868089646553884,0,4.230977360263296
-0.028655061661262055,-0.13050112114446155,0,-1.3967245130206218,-38.26454112981091,-1.280303356920658,-1.7718313868997169,-0.6337348777458419,-0.18540878180922526,-0.8010217363395359,0,-92.39125733135096
0.5492015129332989,0.7083687501060274,0,-1.9819442333228465,-47.3733687668492,0.4115997876491385,-0.10619786873089011,1.7982069965545833,-0.6436998157106458,0.447920377510119,0,226.58807784579784
-0.7701248665043104,0.792215101701413,1,-0.42544917948825,-31.72779058779866,-0.4461641111691392,-1.5054836531063502,-0.8455098991705411,-0.8687978547811298,-0.45605736996987106,0,-102.4820472740607
-0.8712946660954128,-1.2459268649783626,1,1.2439507189201466,-3.2678230973724975,-0.4102410963832847,0.40801571999945807,-3.0639350070445275,-1.4195283247663053,0.30048352804361417,0,-414.88589777817856
-0.6376692728331026,1.955114174550057,0,0.4127654444043915,-12.587143546220588,0.3914691549428464,-0.44816842707319954,-0.24694022892212902,1.6982717394438787,-2.556185806288705,0,73.37084524936172
1.5203098045488317,0.40483364719566123,0,-1.3213277011129498,-16.77465537135722,1.108231363247531,-0.8396552299741832,-0.6701575511086334,-0.734202523961334,-1.1437575770174042,0,71.99397133395273
-1.1401006701792333,-0.04760086976101824,1,-0.8369243226905851,-7.937176588946329,2.064878685181649,0.1846461851596605,-0.008671607157700911,0.16986982992412833,-2.791752966002805,0,-31.064354103311473
-0.23357712467962147,-1.826902866698957,0,0.6270713508302018,-10.996812473091207,-0.15887544605167714,-2.3499159310409246,1.2718716195137107,0.24196912073493154,0.35698937378196693,0,-0.3281865662532226
1.0730923903548923,-0.6796504298887783,0,0.052042201129374376,-23.19731719141046,0.1880957740070374,1.1319470735602386,1.6367835331043852,-0.2615405169812096,1.1796469750927385,0,174.26580036439663
-0.07202283038948078,0.27262563104953835,0,-0.6455536346815604,-13.388281836171853,-0.8300733042187555,0.1501338854033806,1.7456243098996136,0.7035599050174574,0.6604723670830787,0,153.95547299097723
0.49222054222920475,1.05831489996423,0,-0.04587215929812466,-42.64831653944316,1.3141709755747797,0.36474134840630235,0.18320822559146194,0.48049414825181513,0.28105540095779347,1,136.57491212205517
-0.7928229683063633,0.0005930598032775057,0,-2.089806941279841,-7.670318026466921,-0.3500215478349152,1.1304026121454849,-0.8678374546131927,-0.20692500976482817,-0.9172936243032568,1,-135.68364810104885
0.79397717037566,0.6817131079754949,0,0.21906954820846655,-7.661827655698656,-1.2425886583417116,-1.6565915946460352,0.328632241711495,0.4714389431480658,-1.822454089896132,1,96.14742988693075
-0.004322977017266253,0.10105733455810031,1,1.0894259843752434,-7.836336452690293,-1.563055182768228,0.15012218451423204,0.47110483152257226,0.40239924864103543,-0.8435095500370409,1,19.646598751831363
-0.8333529044171871,-0.055090909037110815,0,-0.6047720946397732,-15.54521472087437,0.9301117564410224,-0.831904788176076,-0.7446327690915007,-0.34076462137170654,-0.07946866353203047,0,-106.27723443457064
-1.4370664877714163,0.46384204645672217,0,-0.5756086220717933,4.879067489138574,1.2558452986102289,-0.7313209127787912,-1.3451786093226974,1.1708994141082294,1.2352798504152702,0,-140.6567892828518
-1.6622197623845445,-0.4579240853266746,1,-0.5579559023178191,-29.269100363534626,0.21309472501028442,1.4760657830192814,-0.2803228559942088,-1.1839107726254958,-0.9109766376759351,1,-167.02433516684937
-2.081602928447513,0.5879615779104392,1,-0.7131609113159147,-24.55403246644297,-0.5016992023523145,1.0299676871384578,0.9036959906330154,-1.2516442026758687,-0.946586095599759,0,-52.15689920034532
1.7299127500361322,-0.11334303101060113,0,-0.6535112867133435,0.3032685112208231,0.9338537344168137,1.083102092848028,0.49408919044335925,0.9867303081063579,-0.3412340204257924,0,180.4809851664282
-0.014330202358952477,0.9101735524278276,0,0.6988608878648354,-37.516720274544284,1.210746007568525,0.16071177784863017,-0.6526336847834903,1.0856326040616668,-1.2240550172779228,0,31.02383483013753
0.4085840024218957,0.07553255195029421,0,-0.3009515649285005,2.9434307542145284,-0.024093167353109058,0.12572980044975526,0.6488877185542251,-0.5979016385264614,0.19597142227055858,0,76.83774012410791
-1.2247933557547273,-0.05999214319885277,0,-0.382911480136309,-22.767304223188972,0.6781981851629265,1.8017218713871055,0.00520598528335941,2.5530622108850096,-0.36806823522835896,0,-29.414946205851784
-0.7530554182189516,0.32791955896172603,1,0.39497182217525617,-20.268587386320853,0.11736124261455982,1.1467568164717645,0.7751757018492005,0.2907519108676092,0.6564099496851256,0,42.93260170006988
0.29531927861223384,-0.5715826650663144,0,0.8841503461430124,-21.39274737613299,-0.0072659960135057254,1.2053179868347355,2.182431091567247,0.728826109583985,0.11193719953933058,1,188.09316881665887
0.5970907066611093,-1.5265286973988286,1,-0.1780586355560837,-22.989356300231325,-0.8462577490461951,-1.2854862943385899,0.2563650063863293,1.4427665376498793,-0.27636153644410255,1,-16.01881328664335
1.6593837379747491,0.7729029978222026,1,-0.16140456562156516,-26.672397802918496,-0.22757991908695632,0.20446572797078078,0.47337691783292934,0.5773791635027327,1.1443271398970252,1,190.8692083087882
0.0016918476643128235,0.5584458046527537,0,0.5381139452548842,2.0443390924100555,0.45176261556759706,0.4697578676497729,1.417117461665009,-0.20001510470312178,1.8359742805777934,1,158.23731030614374
1.87472390412562,1.6099055790369943,0,0.0774901221529975,-18.14635442006431,0.17258446489310314,-0.10806458949967564,-1.6792802401762257,0.580368863983654,-0.056848343685332106,1,70.52463336534083
0.2705614507186446,-0.022348053085904696,0,0.3895162177289189,-20.119111237368763,0.17351908991048523,-1.7815823100458215,-1.464615777220242,-0.23350595005660302,0.13936944357841372,0,-110.46334277874091
0.25349147022461505,0.43768585787705727,0,-1.6400387024903003,-16.01876738739753,0.7904642720744293,0.46742049884608317,0.3859173688755395,-0.7052588773372079,1.2928319197327545,0,78.30679929950995
0.6172837015298324,-1.6025626945987104,0,0.9819761289235215,-17.46187483432755,-1.3643723367048959,-0.09617321138116489,-0.838552861400081,-0.9149258357557218,-0.6986126015817833,1,-158.5161140022969
1.0814752843924733,0.4343338546779528,0,-1.135235342565027,-10.340386114727625,0.500281089470928,-2.19662947550622,-0.6525113132005728,-0.6741741715840633,1.454944261125045,1,35.55948060068024
1.3794194543819556,0.697524957529674,1,1.59402517898137,-5.609129461491769,-1.117600234856991,-1.6575371605759228,1.874994534033498,1.7685960856787641,-0.37304401998877085,0,289.5130727267071
0.2642966687562928,0.18336512731334564,1,-0.8471157700853752,28.620906494385896,0.7953022918895454,-1.1678207068860775,-1.5157896542468285,-0.07152877118830454,1.996131225315069,0,-89.40673935704412
-0.29586994742848827,-1.4256251608467,1,-2.1822419508370827,-10.971442135577394,-0.5891399623804029,1.286237865216869,1.7402840241518862,0.31976788312883864,-1.5412787294256338,1,49.56857560772649
0.5657030969326126,-0.48387521346892204,0,-0.24699787104338541,15.21399443701425,0.9716892321487166,-0.8961201748158727,-0.9109686243858495,-0.40583732044353005,-0.17177531884640587,0,-54.162178426863
0.15367320222408,0.06501430430579193,0,-0.22087420021445794,-12.948616677266417,-0.9195805514348735,-0.47458497393455157,0.61230080495774,-0.6649558343701047,-0.03556638411700649,1,37.57861306463013
0.28736160417174766,0.2528740149384054,0,0.06187209597841551,-15.409965791581152,-0.12934093738597346,0.7566864810061625,-0.370028597471291,1.3261497730323413,0.3289849464079288,0,16.309088693943753
-0.6725096737874833,1.3991304107469755,0,-0.5105042752644439,-1.440690148565631,-0.6077420740875721,0.17928266902066936,1.3291143633565619,-0.724433266105734,0.8381249322620369,1,122.38998607350995
0.39218402416416837,1.5352112638185265,0,2.2003735319030064,-35.77500825565551,0.39882345336598224,-0.5352002922421804,0.340783652455322,0.026529928761876907,1.1486269615945772,1,143.43707343323695
0.9452300797147561,-1.0230244181480854,0,-0.44440949904539107,-10.430956748645292,0.49432373840652205,1.382523966303344,-3.127635290261689,0.41136514435851096,-1.2787454738686816,0,-247.75013713984544
1.9525557613589375,-0.8141152370601381,0,0.20200490808074517,-12.357237224924726,-1.2748397517699992,1.6349618503535537,-1.1909556926846296,1.0037945747441421,1.3150940680968588,0,-32.75045471833934
1.0157098862756782,1.0257052155965454,0,0.4429288023819211,8.830790694449362,-1.6375289644874798,1.2776582518737227,-0.034426449787139934,-1.532785266283974,0.5497484850468682,0,59.4731741364661
0.5730173123404897,-0.46408717984514075,0,1.3391279830937837,-14.888132775656484,-0.31249157532692146,0.29687041472003944,0.5469879102491231,-1.4005559659970315,-1.6815051673908505,0,32.5652252016955
3.488659202059945,1.3512421442675284,0,0.3078806370145291,0.5478581905621809,-1.2234269707567107,1.0801119792993803,-0.06915126068774825,0.29198798823574934,1.5192724929081263,1,266.15164894250387
-0.7972378489370155,0.6731848241644954,0,0.7818837514497043,-7.548000449319735,1.665865574848613,-0.8308217405392284,-1.4843688156794195,0.24479087884585557,-0.8370743161781383,1,-106.14993275709442
0.8511610530456111,0.2880863074720878,0,0.6026786076024391,-5.048583817433336,-0.5877173035627242,-0.46093999270601377,0.920221856600571,-0.1335185737626981,1.6070711894876546,0,134.87249368238585
-0.9589885062732162,-2.8758138069638415,0,-1.2136018827440203,1.0824466163204267,1.808720716210842,0.4093934382227408,-0.45538237514287033,-0.2811257923154661,0.9098018879061047,1,-218.2095105605099
0.1279162632666376,0.28965401660156687,1,0.6139425714394879,-21.842302573550754,0.5691788507023502,-0.17750024115505064,1.2304910002454397,-0.7265293016412961,-1.4139419183715112,1,130.7475291992227
0.318968533239435,-0.14756035304897128,0,1.1636882500404746,-40.65169193953204,-0.47727929158176285,0.5615269959688719,0.7187586753042101,0.18463642843708325,-2.0897046903757355,0,67.65933922913635
1.654111872430431,-1.790998468661338,0,0.25990347532130165,-20.47370315986892,-0.3518457143859764,0.31943240262446587,0.09299909984802507,-0.8428256252541794,-1.287818063671165,0,-0.040915120147758444
1.4488801745529123,0.9583659580160984,1,0.00044501527392304505,-41.43488733615243,-1.070691879076978,-0.13758948145372576,0.7845930618132454,-0.9885246342217212,-1.4502558646845294,1,173.9174840456365
0.6715801921245212,-1.1895245116278526,0,-0.28985000028942726,-5.571137512586928,0.7537849415394432,-0.43031741056417405,1.5749106114023155,-1.6263860538161798,1.3310551618998958,0,108.24137335639537
-1.3447342651123904,-1.3475069958275208,0,-0.9526559017788866,-24.522555384342006,0.3958174306849363,0.25885016389530363,-0.2729558594501881,0.3979947830864667,1.0780201603443365,0,-165.8954760214959
0.6639985670726565,0.47339333043952975,0,0.1114060879337765,-19.85899525171034,1.2587330222834008,1.263463340129527,-0.4274243872653833,0.12277730611558345,-0.631114036678412,1,57.685567161496785
0.14821805169601657,-1.2688479535104242,0,0.7325017557338857,-19.376476006064184,0.8210877538725572,-1.9081954535450758,0.2855694458673189,-0.09471005698909574,-0.8348327149935023,0,-16.93338414846707
1.3250108012932178,1.0852644265109979,0,0.05104526425206403,-19.484403433051927,1.4749748538142107,-0.7901484352456538,-1.3377802298540202,-0.8811946671160867,-0.5697836537885409,0,42.84054732592999
2.446914574796139,-0.44538120595660863,1,-0.529462220645246,-29.67527503134572,0.30605584810727715,-0.9895234570373213,-0.024806273149422353,-0.47681861399993614,-0.6517169616498213,1,129.58280732999532
-0.3269766667107753,-0.8327903542696746,0,0.5521713217117138,-10.840827420697309,-1.5079013700060133,0.5539452826281619,-0.5450867392749197,0.14060853114904937,-0.3255768958203355,0,-140.40627820454563
-0.1445068131272657,0.1423059650935657,0,-1.5126068969694804,-33.74913981409918,0.5269256083931878,-0.35239624775596884,-1.0001534609674123,-2.132945025774331,-0.2368073079440645,0,-108.66111806282603
0.23126596264382313,-2.3912136326447038,0,0.07648091620172065,13.306289292827739,-0.5667966034301654,-0.4951047166379765,-0.4750321816703117,1.4770865854448152,0.2534381472921029,1,-141.64197477406972
1.1838269940222454,-0.12669948602191397,0,-0.3478452193769544,-12.43127029460848,-0.6545327434415746,-0.9060297577214412,-0.7846904939088883,-1.1980402079774535,0.3862079489417786,0,-30.064367179298543
-0.2740202786433797,0.06139251943453759,0,0.2691783144343328,-16.24409019011056,1.0666577263359884,-2.79411406778141,0.5437025370184762,1.0972311267286468,0.15826430005572578,1,70.68666504247321
-0.03455110736138689,0.19283183475443025,0,0.542346896040966,-24.31284223001643,0.30179431318464295,0.8045597564326974,0.6594844343620259,0.27320311281175735,-1.0353274991930017,0,75.11121613221758
0.7545842228127347,0.33217675000447106,1,-0.5734889873824673,8.144924327640847,-0.8534877559804834,0.6323761580395005,-1.795726684214435,-1.4478167132974478,-0.5400696553511254,0,-128.50414606201346
0.5918964914265037,2.358223301020308,0,-1.2098300675226115,-30.60092786686799,1.0733654783312134,-0.6837827436220663,-1.845313305670095,0.12849564247504042,2.517143337268734,0,25.53903080170872
-1.2193624271135723,0.7851354952632313,0,-0.24033302447369512,7.3904786522510335,0.3131875777597991,-0.5497677236297407,-1.6211767658348541,-0.42593234042319406,-0.5928054579202673,1,-176.49962167659467
0.6924761577837257,-0.11754068514461852,0,0.0057082138472693365,4.21390206599801,0.027538777660803246,1.2466312945743943,-1.0808332976266264,0.23441681645530957,-1.2174098212461861,0,-51.54362266251779
0.8675678291024678,0.3568845172340194,0,1.0382528633189978,9.661157617899296,-1.176471946399775,0.6336372046210235,1.658458187602231,0.6172400911313207,0.13236415145686903,0,202.29505085443068
-0.9772455739773201,1.368751204428832,1,0.45017009356447857,-24.70796396279556,-0.559421458916745,0.5784568430204089,1.1561216001159669,0.8795421441098702,0.45283730004559514,0,110.90381505754107
1.1557755385771533,0.563282077778172,0,-1.2432808101032067,-7.231169456091093,1.2092921878545508,0.3742240157716336,1.3187166382363262,0.09025882023658297,0.24019039765019182,1,243.21270808276626
0.8564193527733774,-0.6947792796833281,1,-1.0896350529487513,-19.644793458997658,0.5478083183562659,-0.16849894143608724,-0.30146698147454026,1.90160911291607,1.5159608283969732,0,31.094876808261386
-1.011830249394138,0.5781171452791499,0,-1.1858263204001371,-12.24233712919657,0.30822860271563696,1.7059625020328593,-1.140135519732736,0.5674455018139691,-0.25634678926236204,1,-118.09953571644607
1.7017197887207136,0.7042098582061498,0,-1.4726669336488165,-26.86419153898067,2.0830762399845453,-0.44911569995898576,-0.3393426541152563,-1.5968026912989814,-0.13474182828784484,0,135.17140448931835
2.179073228890578,1.2977731267797714,0,-0.9557846554491208,-11.166320676906398,0.9276026170020523,-0.24456156604109563,0.7680090148639559,0.5566059378947001,-2.609488680096489,0,300.2833993397075
0.46814713486024956,-0.5691511364974863,0,-0.5074412383379223,-21.142774196420774,0.03273488711521712,0.457111294847916,-0.4225193884142493,0.2699310262098446,0.22167290673319298,0,-31.936309294585406
1.2299803220291792,1.2667101377452017,0,1.578609380717114,-14.92474827870896,-0.938514461111376,-2.436035105866022,0.9213879372401496,0.8407946005029711,0.8478059469014895,0,217.44919247249754
1.918340857700494,-0.796299036892207,0,0.8424681925892267,-15.078150209436174,-1.530554689320225,-0.7290234580852556,-0.5966944948022955,-0.5635778180819918,-0.9708911593769687,0,-10.782790740346883
0.5857840480084754,-0.09518032663807495,0,1.1025640765861047,8.762943153400677,0.09472134715560528,0.0890102760322848,1.2050641872471388,1.1818661816902054,2.2766704075173108,0,155.75056093590194
0.41846688381761915,0.08877702556624084,0,0.7252225652585662,22.895652663799975,-0.4804342516088513,-1.7430892087592875,-1.1860457697869407,1.6172380973622524,-0.585250044751987,0,-57.43568760159377
0.28996338275144595,2.144169118161693,0,-0.672367471301746,-25.352899484155635,0.471889672343636,2.5676043933057175,0.19921986847549417,2.454403249324961,-0.4167181769709092,0,193.62886373944247
0.5901926484083856,-1.1549409741319736,1,0.3949711884027509,-13.837350311746704,-1.8221092490728756,0.47266320177366483,-0.37140785938099774,-1.078337528580293,-0.974324792138965,0,-108.15234190394277
-2.8246979784839237,0.5365608337570519,0,-0.7826369981776878,-0.31603637269690665,0.6830759976363835,-0.6631475089340485,-0.29928029962000496,-0.10713285799023958,-0.5772524722129491,0,-165.17665394742588
1.0591980603308901,-0.43416530989550917,0,-0.24747453954255322,-15.566893861135625,0.004089602058933845,0.5869691578273953,-1.4462363017950077,1.0773029143525659,-0.7428621331002923,0,-64.52960507312937
-0.02743810613616391,-0.6314000210827664,0,-1.5400612188342484,14.865788509840073,-1.7813276204751718,0.016562304575156492,-1.2603220760509442,-0.5383859839370165,-0.9564511730729955,0,-188.1694701943283
1.010376976212702,0.4199659259437575,0,0.7633267244633851,-20.739794561532268,-1.3855815216673935,-1.0490704276870557,0.5605333967771504,-1.0720167508630971,-0.09974660805464325,1,90.74371006908541
-1.419587729036805,1.6576251907550772,0,-0.8973780773343272,-17.177034018183264,1.4534462821028646,1.9283221118576657,0.5421978956435063,0.01866330273001724,1.7892717757215628,1,73.40245842495972
0.9496091408439269,-0.017113281448671164,0,-0.9222749426495517,6.803134550144932,2.954540002476442,1.3911549697578975,0.44686318362151056,-0.1862283985784477,-0.04154620172267398,0,155.96644297416202
2.2481272913869272,1.2452727085563466,0,-1.52195845629952,9.083304925667306,-1.6668037453391933,0.10644298680494953,0.48175948111978834,0.9021346350732147,0.3494170088961033,1,229.1146993062638
-0.4308817266181971,0.9101013674714908,0,0.6524495029502544,-9.987766771113314,0.07480282346598442,0.42173794979896806,1.1588913328005241,-0.1450156369006429,-0.32496732435472925,0,119.8823522630733
0.42921091621944535,-1.0822407616914131,0,-0.8183836542512439,-2.9465761641929475,2.257439122591348,1.1139024745156612,0.41753440748905934,0.753471063132293,0.38149909912545404,0,63.96773138977034
-1.4263102298590273,0.220197721457482,1,1.015599071165352,-17.554028753965937,-3.052612651165426,2.2955601716211484,-0.6815827760884242,1.4362543615376053,0.1314967517885477,0,-179.68242362156042
1.6545139646272136,0.027963078202867468,0,1.5811405979337045,-13.389346931620134,-0.8564943066530641,0.17741986726084633,-0.7168493009781597,0.6669230632084092,0.8623781296323083,0,37.033565493088346
-1.4300245614734775,-0.23766624433168324,0,1.1066472465457322,-0.9539130418823145,1.6166590269493004,0.1546529685297511,0.14082983856534917,0.7264828618132216,1.8085771442523586,0,-47.583437249116194
0.5464868349188582,0.046403197714322594,0,-0.1922911949329612,2.2534880711428187,-1.5053814738084432,0.20420891831932608,-0.5997921687168286,0.04312570360617728,0.24159199512744395,1,-44.833953945387705
1.0740238359089813,-0.9020642143346121,0,-1.134224288617463,1.4607661378697792,0.5097222730461914,-0.6650200235185056,0.49360026933910495,0.5913033225487302,0.013021186711008497,0,82.88162997023258
0.7667866973112714,0.09140649067776084,1,-2.1399426738092386,-35.545032970302294,-0.3592675487285388,0.24371169159819256,0.6543273309630632,0.3885857274685734,-0.10233843345347023,0,108.52062178862853
0.10354196306174993,-0.1829908841252367,0,-0.5712227924116255,11.088754231316727,-1.8160556659066043,-1.3411472379908826,-0.3191171803265493,-0.1851923866584141,2.6713948846337288,0,-70.48501653106308
-0.014106327966661508,-0.007796693505385703,1,-1.0720823664399635,4.776185699522667,1.2225573745243545,-2.022415178170415,0.8485262718592979,-0.7956246486006558,1.1138350336360963,1,85.45491547512142
0.0434232862612158,0.0708558055695926,0,0.5679948500899368,-8.207926790368278,-0.22095684823900566,2.1592350622079097,0.5978756126780393,-0.6301627616679427,1.3285671594870594,0,44.43126551971562
-0.674513984633256,0.8683047046646981,0,0.4217884784113719,-21.957390063360506,-0.5151757863462201,1.224274281079453,1.4471783817786554,0.08700655366476452,-0.89695165780774,0,118.42797793139712
-0.9750121488944107,1.0903066828778993,0,-1.731293568582233,-26.937845090179792,0.9669751807104056,1.7237285264871527,0.4848207225336779,0.02804379645890296,0.5871250825095099,0,57.19333347941802
-1.2193919816146683,1.3541773367107686,0,-0.8082192276293686,-50.835655244217534,-0.18162761394793012,0.3570895078871722,0.22739653216462957,-0.8344697485385173,1.181246419223559,0,-2.93891285701973
-0.6958807232264619,0.6272909175587001,0,-0.040453118188611796,-40.173360746102276,0.19508220682532998,0.8412202395168678,-0.5035193236049198,1.1136713255605866,0.36164603469646467,0,-34.67898725968465
-0.128752417297781,0.16759736780457002,0,-1.4968048656611785,-25.309729432610848,0.9781654729054896,-1.5150348580195474,1.3828375624087854,1.0675024029831086,-1.3368569091100015,0,155.81711379914157
0.12002368702851098,1.8746995068972983,1,1.480273735083814,-14.538714255927944,0.8404916964258118,1.8754700684084362,0.02915343567608692,1.4603948189669214,0.9150826225076597,1,146.98110112450487
0.7690797843346094,1.8634428809514019,0,-1.8855591996241967,-18.13256457083068,2.3350602336341755,0.26256135443230827,0.2722794597377594,-0.29222655258810015,0.9716236507775997,0,213.68431750159053
-0.20090796236047676,-0.9762325044035943,0,-0.16358132666039507,-27.491697706251223,-0.1628446050730122,-0.7419299637826375,-1.015294913476052,1.1283986095964693,0.543139807913424,1,-138.5615134550948
-1.6504889960015592,-0.953920848539834,0,-0.028985198848764455,-42.91360764142422,1.413708450113936,0.3939849382491589,-0.34056626561800596,1.0107639506250912,-1.5829035541601775,0,-140.77419836914055
-0.8833759174961119,0.6013865283044328,0,-1.1428530094688412,19.80838311138034,-0.01791716799735583,1.800142198467038,-0.742099680440372,0.4096890867873312,-0.608703907069036,1,-83.26884596458228
-0.7557053861126672,-0.16641574621246213,0,0.12587349685706362,-17.635264209120027,-0.5027373896010361,0.04038179291305104,-0.6961018970016384,-0.48835786765278716,-0.5481986966478993,0,-134.46711342114332
0.4636283389388066,1.4988126837847688,0,0.8953480215281645,-42.686716513581004,1.4799732190487151,0.2598297552257544,-0.28379986433150545,0.6382278581928664,1.9952736183291526,0,123.15602123610314
-0.05778940097674451,-1.0880304844683795,0,-1.1631906443458668,-27.621547069110196,0.671972162047873,-1.4750261082043865,1.5616633169385978,0.12690504914909775,0.7295054665548055,0,89.96685379782068
1.551863185990733,0.35320695770072724,0,1.1103810677630233,3.862647790113396,-1.0795306791464212,0.0058951309389091355,-0.44438204933610714,-2.056635853700483,0.405111077202471,0,26.673471970617456
0.07997804580069028,1.3811895707997743,0,0.1509502231190454,-15.389696155722635,0.5165837762297536,0.5916034790909545,-1.147036977655271,0.24481883514730715,-0.05368846096970865,1,-7.562639057120762
1.5666603437610087,0.0035545865883029903,0,0.8625799003692208,-22.5708652247215,0.7978495027858827,-1.416985048836159,0.7392492094332709,-0.9447922946471249,-0.8116139507800759,1,166.3583398982424
1.3057284373286362,-0.022946366514970278,0,3.4376050076760265,-9.934311389325973,-0.21487782994610352,0.35595180043468827,0.9076169342459748,-0.4939694448638048,0.10453036569083284,1,148.78124445679848
0.261262017923685,-1.1618395345346817,1,-1.213928430775054,-10.454402123746867,2.0410978391400825,1.1578022645327366,-0.8782252342376905,0.43489263262432415,1.3123183465213228,0,-72.03805126309896
0.4122062359949296,-1.5007112704551113,1,0.9343777809987585,4.091452561538954,-0.23058806505250865,0.22771741352242655,1.3526531640115256,-1.090571769747433,0.0740298668541325,1,43.89101968653651
-2.4120056456762864,1.1483817719218723,0,1.3138804182495027,-45.04881046835861,0.662330826938604,-0.8861073177924872,-0.24319655501498375,-0.4884490644978532,-0.335839502144725,0,-107.99932884208084
-0.25502127834958616,-0.4149905317421232,0,-0.949127566873254,-6.761585444559518,0.03612382754492379,-1.0383502829747409,1.9870361922115978,0.9973823817306797,-0.966862225080857,0,149.18451472450687
1.3847088173300932,0.31869162677562146,0,-0.0765544396977565,-1.5094092331066484,1.662865087688416,-0.05646470116907508,0.2300874211501653,0.9518816373006036,-0.9261142420889288,0,172.72934387275708
-0.7827324682955894,0.16565682909806131,0,-0.08726891579123167,-13.018808511042051,0.625758565903256,0.36578683187639865,2.140916267751025,-0.9613407683059972,-1.982284471100143,0,142.72524475891706
-0.399229541632664,1.126927925314519,1,-0.45340293492607403,-10.29489067196098,0.5066568430832221,-1.2789867898450407,0.15721199982387976,0.16833702891077684,-0.1993959612769595,1,60.067614519195864
2.8411156697258955,-1.3875440933799597,0,-0.40072895403424963,8.997319813635944,0.41176827082415424,0.6970192261947028,0.17794935330041842,1.4152697501935227,-1.1099234701713498,1,152.69982184353256
-0.5386600991186481,1.3235447350677978,1,1.3389415153733524,-24.183899520346785,-1.477592187813332,-0.17306377927680527,1.6765264112879894,0.9343057350666314,-0.5937147122189175,0,163.46155830450402
0.3840043366914592,0.06804197121731596,0,0.5911615046357582,-45.65492599256129,1.1140872738016425,0.036678107336163626,-0.3803134439559381,-1.1042472767632594,1.1919674300957543,1,1.772626284018589
0.11936959497432861,0.9684699256361183,0,-1.6399730365712863,-15.006629318587636,0.09410454673211441,-1.4985308958496204,-0.4087176669449368,-1.458007496279351,0.5854758406102516,0,3.59111250985622
-1.2805289635994859,1.3736355057032434,1,-0.04238812435975806,-10.310433301226126,-0.19128768629818152,0.48326352820472546,-0.18638711267351624,1.1445984976777588,-0.8528530648720581,1,-12.824606640707799
0.28961198949685035,-0.4261531703190876,0,-0.17139386087158576,-36.66599895435332,0.4688985483458368,0.386228962507663,0.3000930877215748,-0.05181176159299474,0.11889538670733125,0,30.899234168231956
-0.7240978498565136,-0.40386151346453497,0,0.07708046381179684,-5.050353945440543,-0.8513186227354435,0.08118411414061073,0.6031816401967249,-0.2453879044893926,0.04968139004784255,0,-36.12280962461371
0.3920835443558117,0.5132255124388366,0,-0.08803888853527395,-19.789123450785524,0.32281528707202783,0.9524324017409184,1.4001362708590523,-0.6412090730585709,0.49393219972160113,0,170.15540723472265
-0.0004529222271029322,0.9068379626475007,1,1.2370349968584973,-34.22445143214157,-2.3445502664180666,-0.5176300543947439,-0.04957124575850171,-0.659625929869272,-0.08722091827385607,0,-14.453257178200808
1.5030025951988628,-1.1880125787284597,0,-0.5808136345752422,-24.619359677873515,0.9506646319093497,0.7428044723766758,-0.5736610677638975,-0.6743137226026581,0.11903301577663117,0,-6.579295229772406
-1.2416788971366666,-2.374328421161935,0,-0.5045651418919803,-27.32969543214478,-0.3418469741864848,-1.0618297326376895,-0.09494841994014969,-1.1271967318206926,0.8422401245911713,1,-235.1740296148025
-0.7408971520686962,-0.5968170822012548,1,1.8421210356369149,-16.429898775064476,0.176316380621548,-0.5691337237647381,0.6153889586931897,-0.08152605935245018,1.6053753489706493,0,-22.809591277745735
-1.235996416897113,-0.40582346864109975,0,-1.0708357972427702,-5.412654074581365,-1.186444887930813,0.22785002365109797,-0.6523716728571205,-0.4863537918228401,-0.4821163243363109,1,-187.7765827858139
-0.21552044671809611,-0.21836698243542943,1,-0.9790613619428344,-32.41488369673069,0.312658479935607,1.093247914272977,-0.10435515848268112,-0.35008341981052954,-0.848737559817924,0,-32.91005409799114
-0.4704025381961776,0.37367020070176427,0,-0.3273439405158123,21.088348299942307,0.3651501103227575,0.7247428386642364,-0.3734844262906522,-1.8012513844897193,-0.40894504733478165,1,-61.55150040278039
0.08094663246021022,-0.2381370296411208,0,1.4346642758843657,-12.188404925793732,0.21200757551260152,1.8562343387104592,1.1874973325912401,2.0409269828043053,-0.9415906994296562,1,129.57561368466907
0.286908889724324,-0.7215536307240369,0,-0.7023005777323734,-69.22268347682318,-0.48841849179816005,-0.9270369356337019,-0.6100400222112545,0.1320033993225502,0.16714207525034716,1,-80.36520154633715
-0.10669811817248663,0.4957148688214288,0,-0.08551391702849981,-3.6365154195500917,-1.8088660940329806,-0.4530414785928841,0.6947227959631197,-1.3076115502140762,1.2345968326024206,0,23.085574423934546
-0.12421941087610189,1.6857568894265211,0,-0.05295086449158633,-20.79147392839083,-0.25620610426410617,1.5283847381731521,0.255708584965963,-2.125902978946654,0.8567646356015206,0,66.17800141090676
-0.42312674612323603,1.2503386530005547,1,1.5547709383513506,-20.678628527254446,-0.48026742262007105,-0.3645477229529034,-2.0357066762431937,-1.1574818596002434,0.018744416331084583,0,-164.23024352733464
1.929973434722277,-1.610795611608821,0,0.2925147788089939,-4.871034753168068,-1.1893882747637754,2.5847367131984473,-0.2771680229250963,0.591292996969515,0.8769007658997248,1,-1.20339853553223
0.7101316390452189,1.1960988651490145,0,1.5824736159254642,-33.256243078036725,0.8489328774333965,-0.07247645378009428,-1.354568013701755,-0.9159593394149849,-1.7379247683548953,0,-5.275076186954379
1.3675983550144093,-0.6906611584653819,0,-0.8436978311016817,0.8063832353783731,1.2969528457390285,1.6282109139940244,0.9969802635865167,0.3085638083617695,1.8663904243944713,1,168.15833981695522
-0.5074304703714287,-0.34103366776967564,0,0.9145569707456902,-26.006789815363497,-0.49979670268529264,1.002174316566923,-1.532816205740302,1.1232521374110183,-1.8357733133725653,0,-176.51737925409918
-0.8336129868450776,-2.032202952890313,0,2.9866670254516348,-19.883283351285925,-0.5076526881502726,-0.6973327391635402,1.5628199870207746,0.20677407239763862,-1.105629987648495,1,-31.782764347576844
0.01088200296206432,-0.12495675932162094,0,1.1626554468567618,-29.913876366108042,0.5667435772195294,-0.798017668960884,-1.5110923913134753,-0.10027524990356529,0.33049285310387344,0,-126.3903689793681
0.9003274925340321,0.064310519040688,0,0.8073783348784304,-20.388315802967828,-1.5083568109796621,-0.9674218116209888,0.2714018556375596,0.9113877281812467,1.2387860672644544,0,66.6146070099661
0.3107598561418924,0.8050692404558452,0,1.2735596570677084,-34.71182219075918,-0.06219259367939186,-0.06864080829588118,-0.33432806246745483,-1.1712271171991606,0.04508377963467211,0,14.643563713238422
-0.7912669563102124,-0.3719988308422783,0,-0.04493717700278227,-10.571105446530149,1.4743485003436725,0.07130733866314329,-1.2848148422188466,0.5834711966986472,0.42104129590025835,1,-142.24599819163137
0.12574995528657362,1.111904076680582,0,-0.2293562080619011,-24.386029890952344,-1.9060243543071178,0.24949866038172203,-0.9520000658133818,0.44425492037508524,-1.1952388190552798,0,-48.57509099103257
-0.6114679829497229,-0.146931203403499,0,-0.20801471530948848,-4.770592815342281,1.374423368692322,0.6476802019380654,-0.5561166274341088,0.8078428442036553,-1.0657486252327137,0,-54.75361491224159
-0.3564454065109978,0.6083365986467059,1,0.933876584967769,-9.803014835695844,1.1226412594318076,0.127715056647572,-0.637436888878191,-0.5362192885738394,-0.5880866512006062,1,-30.800695423621832
-0.1976463916121736,-0.22155064415531123,0,0.5136289627869918,-5.975318640920229,0.5736655515614327,0.22581049576607487,0.9685010997830376,1.627899047116025,-0.1716149045495146,0,95.13028400710513
-0.057717482557267975,1.4606920260523808,0,0.3368999405366535,-16.160756848004333,-0.9820968957218291,-1.735504382819512,0.4940620872437195,0.3618380217210774,0.14107223689885975,1,100.7793874308665
0.09349241841754066,0.9281565852644302,0,-0.8979772616344696,-6.584010560938761,-2.4971675864696286,-0.40156367257470915,0.9850685935772471,-0.3874942009910251,1.398675371329011,0,82.97317528668657
-0.5397322000067256,-1.0963084263976342,1,1.3052707884727834,-21.530937626828457,-0.8015160101256564,0.819147800747888,-0.13126631120104257,-0.18070693373185187,1.459323810278691,1,-122.21500775557297
0.9788522422567711,-0.9503692466935693,0,0.6141589800136127,-11.268767804458571,0.19800036605368743,1.1662204029752286,-0.4670827454031685,0.1999698722338611,-0.441792047898142,0,-20.893148994519485
0.18529810507767158,-0.7403214146795828,1,0.4621105189423654,-13.038584188305308,-0.44027239326117884,0.14977432109406133,0.8361598429971022,-0.5007054032767494,-1.4159459760998943,1,28.96721045858891
-0.3206960412574903,0.9002781308656952,0,-0.701244385104919,-9.50644877051846,1.3779566895881472,1.344740909749522,1.4310079076593742,0.3169970292589682,-0.7178366170049103,1,183.35653623291955
0.660446617021212,-0.7140203562469358,0,0.8717443167973752,-13.025112489871006,0.662286866550923,-1.1212317311434863,-1.2318469841250526,2.179324643190637,1.3341915415611287,1,-56.43534231327261
1.5676818051008221,-0.38964955406307994,0,0.3633132024672024,-20.782481690241912,0.782179650742416,-2.7414928677415564,-0.9807036185138926,-0.08529029532762793,-0.15941419373382493,1,9.346064750252978
2.338314805166571,0.9154249333316552,0,-0.5870607433598696,-11.023220071314395,-2.203010079379318,-0.5407046290556525,1.2820422557104107,-0.02494964060816828,-0.9683578009283218,0,262.2287441131952
0.9117371493869949,1.2126887944696734,0,0.5453415237404049,-14.162884665397055,-0.2709407381216869,0.015986290742710782,0.0478402977058742,-2.5916897439898756,0.9183668188419084,0,82.2469450386181
-0.5892883584494895,-1.60656573321293,0,-0.5851658435557902,-11.26579297625074,0.32388631834876247,0.035892088337115664,0.913212752868949,-0.30232193964969745,2.043885830090145,0,-40.52543479662047
1.9790737967568086,-0.5771046823784305,1,-1.2127442677408036,-9.752196824888514,-0.13358307005433104,-0.18373484438143664,-2.484702032230567,-0.1097810446548194,0.7986373555761334,0,-123.45157422655126
-0.7046907134333934,-0.0872866947118009,1,-0.24273188432319595,-3.573451027614052,0.5209527378928868,0.962772146248553,0.2680510583771058,-0.9688294638613576,0.1153732023523201,0,-29.771513882693604
0.5238200704650373,0.7336175956306805,0,-0.08115249041869614,3.6475217595075726,0.03775579063114749,-1.1760794943945168,-0.7699570001622594,-0.06764317509040946,-0.10281052694726099,0,4.991574457847733
-0.17235384784132826,-0.5086166379581879,0,0.8890144276138727,-15.78583016365117,0.7412064319768876,0.9325664600425649,0.06190329221487036,0.7433628162646535,0.4120186859420615,0,-6.215904858027853
-0.5661645464786246,-1.1529475252245993,1,-1.9172538690850502,-28.836703862620222,1.0739747895764582,-0.17284890203112993,0.25317508118730003,0.03719786134193575,-0.09012990825381444,0,-52.03318568013155
-0.11592315596227129,1.2731707671541783,0,-0.22918177354196317,-24.33524887311915,2.5212660471904713,-0.25013890847457926,1.1228730090019636,-0.7136760508304572,0.40617999518014286,0,197.60986678131673
1.1186998860902124,0.17499833886330413,0,-0.9428605205725441,-10.678403587422174,-0.22090104037335714,0.05751967567288812,-0.9692325328267175,0.4819969050620466,0.5514226079136664,0,-0.8917039421475383
-1.1249726788246264,-2.086451211839396,0,-0.8984574208969325,-10.856610859270592,0.6917878252830545,0.3824531176799853,-0.602885960155302,1.5243210328480281,0.2721671441001731,0,-196.61151424374464
-0.4457291382625387,-0.7698430140473395,0,1.1956914619822163,-21.257857764849472,-1.9215428113461703,0.9053914653197553,-0.08812007487996194,-0.7271626303377783,1.1584271592568791,0,-126.32189013833718
0.02882478295091473,0.7579000333784846,0,-0.9623068167571169,-19.079500429637427,0.317870102825964,-0.015415744446854453,-0.5768559150147792,0.42344834467167064,0.5026711109122921,1,4.372104725767464
1.645700377356564,0.6001009257257794,0,2.3859264532744895,-7.266953031606618,0.042736684796100544,-0.05061291708073549,0.7000445325696467,-0.9340910731589539,0.7026960061946671,1,183.9560751370683
1.1012756472600511,1.0280836970835945,0,1.2056335732426942,-39.26425095531562,-2.374770224234337,1.332811036870111,-0.3167916629030906,0.09212634474179365,-0.059846222486439206,0,49.31638786301896
-0.6494175927889257,0.1646692112673925,0,0.5273755015388389,0.24361022403891042,-1.3771168752311773,-0.6257326528676634,-1.3741713751613485,-0.6047156008484229,-2.2249314040109476,0,-188.59223177027158
-0.12329782418635961,-0.7223002151144696,0,-0.5534464298587289,-25.823455747667065,1.197320467165827,0.8127820830687049,-0.4260763945926056,0.07376011502664286,-0.40277577535373144,1,-56.949989841667
0.751148454673531,0.3053324371431208,0,-1.2088030167232555,-21.93897867176306,0.13753766023945976,-0.9417537521976488,-3.247656924854084,-0.2819071343204389,1.314172902809816,1,-218.32970680212662
0.5956166474711931,-0.07918572662669325,0,-0.4214549564901232,-8.584920252913438,1.4127137362372375,-0.15626227319540428,-0.16242393947587855,1.0295319593358048,0.1448795561613694,0,63.71657509655064
-0.8023809229793695,-0.06946242665910293,0,-1.363656853070137,5.914659683242117,0.5998748486276244,1.0333911079301945,-0.14288881820390806,-0.610539688241928,0.07483245372353091,1,-63.73275019657035
1.8099545801640207,0.17914552379279514,0,-0.9134032103781865,7.628396887196345,-0.41183984081359304,0.7820830655343011,-1.1850489626802587,1.3644774964782254,1.5406515677457329,0,33.677679931028976
-1.065253660238401,-0.286887217268055,0,0.20266052917455848,-15.79081258812573,0.20548276885903335,0.9005988538614526,0.6652238855944216,0.7041769535983948,-0.07107366106207921,0,-10.812185664075816
-1.3306521111866942,-0.6048915192197347,0,1.56477221912585,4.5249140067307,-0.6196094961473728,-0.30840447504870067,-1.1044490842087649,0.644646212365619,1.2105265864120258,0,-215.16809694264668
2.057719483831329,-1.1800207666369482,1,0.2433128122182644,11.271808633703024,-2.1132221035107928,-0.36431283756339905,1.3105326326865079,0.260825342673279,-0.22860473781789487,1,143.04671572330386
0.2037093737734556,0.1386359044731811,0,-1.8923466684231924,-7.017408654040732,-0.9386450151397872,-1.1307709955782321,-1.8364161864207358,-0.95306229209104,-0.315494662721077,0,-171.73712670140398
1.4263894424883916,1.3687040974347335,1,-0.6152326863034343,-29.11457328319903,-0.8295177145627652,1.9744703638108942,0.4614793677874139,-0.6128979399822714,0.6455814368677459,0,176.48218966948298
-2.052681418115002,0.4676159331581614,0,1.1150674015729383,-6.699461139672315,-0.9896800673402923,0.5692419416995506,0.3799024659060751,-0.714706086305463,-0.8080957817652944,0,-104.04878574052742
0.06107615144091667,0.003953667594759073,0,1.1275781003921777,-20.40462550015398,-0.009395395780649851,0.8344437578394688,-0.5748462163878852,2.0528682653181356,-0.7897600300739501,1,-15.75987394870403
1.5632235277500315,1.800554188405624,0,1.3812705971568984,-27.856059601459208,-0.5765165330322682,1.2419733706111948,-0.8348977378940834,0.39639103895250877,1.9909527753728395,0,115.67139949776222
0.5692184799841742,-0.23666360602193232,0,-0.4203893593975604,33.601054283506,-1.0314855039440318,-0.6456928165069035,0.3104410893449992,-0.3332720733210811,0.3217514319750375,0,24.685792085589902
0.8603091570303655,1.8650638397675738,0,-0.26845470667576177,0.5673842095826256,0.9086843267868392,-0.985470351863373,-1.0021932468388124,-1.1196153889715375,0.3558288186873136,0,68.05409485275533
-0.21590247346743,0.8697585886441466,0,-0.7129350812436815,-26.42099451047272,-0.3696672004699894,-0.9852398487198678,-1.1098329032712981,1.4786344033457173,-0.5237544081541632,1,-50.06807646295337
0.21655947697473915,-0.15588927783801068,0,1.4354332844073887,-49.977559414787336,-0.3029650170700814,1.8851880837639015,0.5008974633722273,-1.956209432792773,-0.20567338814476505,1,14.098345543763926
1.0160001084871944,-0.09089540198543271,0,1.053013818334783,-18.221048937688778,0.42503294090876026,0.8182592362213825,0.5484955809257698,0.45554105620403634,0.8250106262785881,0,122.7196120831886
1.6090561100150016,-2.6560085004991425,0,0.08499090373769813,-33.228039696114074,1.266897983644333,0.38411246768256374,1.1739070335525488,0.15046021365746856,0.07298296736719312,0,92.9148026691604
-0.3405794980934949,0.35350101984934174,0,1.1056017615814326,-16.116108604390583,0.0678392104797245,-0.7502166767477254,-1.889129896776682,-0.6800759306389343,0.1708775510877916,1,-175.08543678353487
-1.1295419865297327,0.4106406384275443,0,0.4972534383938929,5.725799817369872,-0.11471293888475052,0.29357207936749424,-0.6063722843633355,0.6159515973961663,-0.5854093203058401,0,-96.16174557686763
0.866142136528313,-0.05497787630997312,0,1.38804727265583,-32.377646870737976,0.08539094912596923,0.9912811654233434,0.7992471639430425,-0.29587292994206,1.499561368551929,1,118.79307454831577
0.22967165198803538,0.08588484898351122,0,1.4529186597524228,-1.6466269552861696,1.6672734217263598,-0.09661957653059407,1.1369010543710236,0.6867356190598248,-0.13577924446759915,1,161.6222794999582
-0.6109052536521963,-0.6449887807096889,0,-0.28325169577273596,-28.40250091045092,1.3795302253903836,-1.753027977450628,-0.6075297629110272,1.328254190779673,-0.6319836453392977,0,-77.54084480157582
-0.5616171658056283,0.6467263558459266,0,-1.0616160036300268,-8.898298237367364,0.7415954575032001,0.09843399433832986,-1.721076605688275,-0.40613037638699745,1.9511087959119051,1,-141.45580769522857
-0.444406911112298,0.2733604848169918,1,1.4737108993309458,-13.773941850204713,0.2644680977903957,0.4360633830017661,2.2090620636732217,-1.3680378511939788,-1.7870874167733484,1,162.45121929115697
-0.35507181658061276,0.07045402586568164,0,0.7279104814873731,-28.821131021471462,1.1176067150903781,-0.6312279985792615,0.2060510251410256,-0.5181856495390287,-1.0103853048704727,0,14.202428728476253
-1.4790569766953874,-0.7349727956237881,0,-0.00806120969631011,-8.043155574000068,0.1062843677283,-0.03411527463898497,-0.8830819076224568,0.5873951459212352,0.6027723703004918,1,-198.26579602176815
0.14675688991901784,-0.8043319713264862,0,0.5457549447851681,3.4809535814994312,-0.05128563210468927,-1.4368692317289162,-2.8207283866229913,-0.14912682565616667,-0.5552869978333631,0,-279.9587420967941
0.021213305230865755,0.22159549639884094,0,0.04478515896448401,-11.268666683069505,-0.18253308131730878,0.3846700398765501,-0.7463866228812108,1.0623853896221218,-0.3036478133581555,0,-39.768882186416064
-0.8544112037138175,0.15405430010503132,0,0.08025213773442122,-8.781056574932483,0.9280191452969704,1.4175421162877422,0.23791524277308515,0.5290125893863113,0.1748340708933399,1,0.9945384443472136
1.7244195358723913,1.0347731022906264,0,0.36919135085809957,-8.059411651016873,-0.4940161802577496,0.4730659751082369,0.35198760087825054,-0.6521932165950559,0.4365684965893352,1,174.78319992497754
-0.21725284591467595,1.1921493233547735,0,-0.2763801279268863,-36.81569755550341,0.1956038922096559,-0.04882844725412818,0.9058216373614175,-1.7292368525372313,0.7747844816885805,0,105.66412270222327
-0.7354482390766811,0.5903599384837471,1,0.7227665382833781,-12.952374968375642,1.175582514677575,-0.11179515546274041,0.19544133986308196,0.24535036736055127,2.3368307639631984,0,28.67480658820537
0.659860173416751,1.236474967471808,0,-1.1345246856151472,-4.309007900797761,1.7678971923058948,0.9428343933216823,1.283414888325581,0.913706398162295,-0.9651540706086696,1,267.3533707181559
0.5700547879942431,0.0906601750959308,0,-0.7981613352731431,-33.83005321299105,-0.5602704300767687,0.28457986420464215,-0.28954389720574475,0.2022306726830286,0.25689863176047234,0,7.493078681850421
-0.6901445020255313,0.5226585829341657,1,-1.054743016384067,-6.234771501840342,-0.05492836972533645,-0.4328191661795132,-1.025928773882399,1.3659619639407883,0.2268840593711131,1,-86.3978665229553
-1.0798343691885401,0.54397729330562,0,-0.6412062248733909,-31.76372705550098,0.32187795062468527,-0.1517381148885161,1.1330185779150541,-0.6980120811039047,0.06162697497302513,0,54.109987870318164
-0.182396668296786,1.105860301087203,0,-0.3953327134489261,-8.493241770347751,-0.20421789519123146,-0.2951215349917611,-0.12423632593864421,0.41244765236282793,0.1619910350411881,0,37.448305888390905
0.026971476871995262,0.8607732095362118,0,0.4400699881521924,-6.644237730643103,-0.5555973376978592,1.4212685532593583,-0.5731747490473493,-0.8072177248497169,0.3900493560380069,0,-25.93279530956991
0.6907938602109862,0.7032719546729089,0,-1.3736842102472013,-13.971704734583525,0.36204975483310786,0.8422070451263677,1.24441492847925,-1.072012467491694,1.4573992890689744,0,180.16285395805517
0.9722225578173472,0.07587697584324025,0,2.1001562330726053,-28.607474762884607,-0.19542888367762795,0.22885445048880498,-0.20810203881675354,-0.012669590413484788,0.6535102194432721,1,43.688856130718996
-0.7219329502477672,-0.5138953750085242,1,0.24381280355432453,-2.8806186105149223,0.2761817412870231,3.2873236661325516,0.7516652970260925,0.4037995835776586,0.647300421640241,1,3.6754089838608905
0.8576823936348275,-1.699465350524333,0,-0.47140454951619654,-23.943470160222198,0.4186973417502658,0.15992130657878587,-0.23161766018776372,-0.019672291662812334,-1.0063881444632448,1,-46.19496644978945
-0.4351526386256648,-0.14421724148838194,0,0.713293105560105,-30.66548231451828,-0.31440579468036534,0.0033793717350178334,-0.17135676077927367,0.4756268453456532,-0.6496468375682984,0,-49.554100451106116
0.7624441257614254,-0.8032253305682688,0,-0.9155673383459271,-34.609016320983,-1.1688306049568098,0.9855707757157797,-1.2249496905419874,0.6354292486298206,0.5713280662118135,0,-114.10714353725056
1.1107095813758445,0.30685702718631,0,0.6881708812323137,-10.177622512659873,1.3931771481811335,-0.28404105902850274,0.28947479462309844,-0.5176137750207734,-0.5794693710333858,0,132.7712576906706
-1.4473719316597835,0.2719438430028036,0,0.003839434317318741,-36.44928415364542,0.5692661391880757,-0.4692945663118402,0.5609811759086798,1.2494988885134215,1.3214417073017786,1,0.5593594536686695
0.3580002534537857,0.18972320123007608,1,0.49397241160136185,-8.34485313625283,-0.17141236800480242,-0.16282309109367918,-0.5417098144844158,-1.0923092341948322,0.35986332886281325,0,-33.60794263478617
0.26521260219133697,0.9614859917509576,1,0.5251632192909986,-11.784036769067727,0.17764461787956318,0.21385446429537516,-0.5715750515456183,0.7127056906093031,-1.786846866480723,1,31.908812395198197
-0.7850745206808185,0.9868567020976143,0,-1.3401093321555795,-2.20928195095928,0.6930562867533192,1.3461360655594705,-1.2282684553452379,-0.9199182774969283,0.5426052177736059,0,-103.7571551295122
-1.2600265374637265,0.801431255331106,1,-0.16579760399989188,-4.799079021032977,-1.6163406824181765,0.20553036791189178,-0.2010772715348846,-1.2088701055301971,-0.42415945005966194,0,-106.39647674792192
0.5522931978348685,0.13482389881235549,0,-0.675126520423638,-52.91434694727454,2.297006065766082,-0.2828568544063169,-1.4452824870040748,0.031641711618694036,-0.7645707167509159,0,-35.26250949604759
0.46403250820660763,1.0646372537335733,0,1.8372886673300897,-6.535774258047399,0.4392690449791324,-0.34866417605999267,-0.29468706235578507,-0.74256602115046,-0.5384374808733811,0,57.97192019219045
0.26893927171120574,-0.6231313181862266,0,0.2079304664685551,-33.94162063005402,-0.5156739690910275,1.932547327156633,-0.91948052352486,-1.6875846417728384,-0.03576189517574066,1,-130.3007984820378
0.41682896427333566,0.8782108343644087,0,-2.091326203707415,-25.7373842119229,1.0448187712111061,0.1728978633223505,1.3421792203548675,0.4115530808866132,-0.8550402822072847,1,216.0354416716745
0.3369561534782062,0.31883351289085327,0,0.43252176648955387,13.982286749860325,0.06279956819177925,2.325237650698146,-0.4474488103481186,2.1612124460437885,0.9548752110722079,1,32.38409074413454
0.20105337229811132,-1.5755973877130647,1,-1.295309252926828,-15.707164789333216,-1.6115351150104404,-1.4160445155102022,0.4907768766833747,0.8794417771890569,0.6023566474527791,0,-47.44579563464765
-0.23164897362444326,-0.7853212925541342,0,0.8075882975548435,-13.891967025919744,1.7189844964789334,-0.7964503669755608,0.2967404295334885,-0.036541500168735815,0.6919254578987467,1,4.421080852539091
-1.0748128238417807,0.770396088851792,0,-2.767934225955431,5.5907090744376795,0.6756144626844696,0.32699133026677357,-2.151259047847798,1.0813911798823932,-0.11710022929698942,1,-184.42600619912957
-0.8368687227861912,0.07010451146215385,0,-0.5213093341630068,-23.65799740756272,0.30168773725667264,-0.2036396234605322,-0.5577137611931051,1.734042120283553,-0.8450066030101523,1,-66.27560622631758
0.4310909562948654,1.674697319592721,0,1.1697804182264817,-46.76875012931352,0.8340345931302585,-2.1551257956112795,-0.2372894142455341,-1.6226042629278,0.3152633970790105,1,88.0076716919571
-0.5414275700239657,-1.385747051904603,0,0.4304146852445456,-11.404728708443209,-0.5959434521797234,0.6947886318118601,0.0951378261708565,0.06671705717030676,1.8728783665287423,1,-110.08126690989509
-1.1928359123104357,0.4787777293504178,1,0.8598320071914433,-16.767751916116204,2.71429121396896,-0.2886865072249664,0.11891721249749262,-1.3619633600929528,-1.4817772632893738,0,-4.930255024032832
-0.10844347808714806,-0.9234607937515639,0,-0.6477487768096734,-24.99224089030981,-0.3296957374576579,-0.5557901507209131,0.05167342999166593,-0.43105831155868723,-0.6747984478444866,1,-63.8848839648812
-1.018497881236464,-1.4153426043896415,0,-0.6347862934426909,-18.394905339105577,0.7117608130223476,1.5528898421812989,-0.6028572222677451,-0.51642601604984,1.0190876790438872,0,-184.12409571276677
-1.415416222720066,1.2171747006883058,0,-0.6300623442319084,-15.448326320522238,1.758839333122253,1.9583388063726839,-0.20791467286065737,1.2007103853994077,0.481492908793418,0,9.275884901657676
