col0,col1,col2,col3,col4,col5,col6,col7,col8,col9,col10,col11,col12,col13,label
37.76807599206334,0,1.393055532316065,1.5463348528666891,10.784327368196115,0.6880024487030649,-2.178153589975075,0,2.286388493167557,-47.40880183449057,0.3703411196335174,-1.0787900265453174,-1.8987506171799646,0,2
36.11289517322205,0,-0.148756235099347,2.331002943781858,8.713649764039097,1.5944384813360544,-0.7691687292002914,0,1.8959507562130364,-113.38041219522879,-0.8991691558029906,0.27169819505618387,-0.7721758449169241,0,2
39.312443441949895,0,2.9434351483928833,0.12604455249200086,17.66137197165577,-0.88468820057388,1.270272151422855,0,-0.07565514060418044,14.968431703328866,-0.4288202309061062,0.4242669361956702,-0.11436659949737199,0,1
36.77101569854554,0,0.7747424998437917,1.77709770949012,19.265205949756762,1.0816556515559501,-0.9190275996532525,0,3.58674618439154,-56.2566412628472,1.276465055743049,-0.45030809720810555,-0.690914412195001,0,2
37.4235729231326,0,2.5115795675564687,-0.6440803115504266,4.906926737875114,1.3182449381595154,1.0357764630751694,0,0.7578415600992393,3.1649564381813926,0.5648808647858722,0.21327016931702128,-0.5962293224458816,0,2
35.242890434287546,1,2.408972405628783,-0.8986158830374221,17.17224853640649,0.5091807392332915,1.0889807725082554,0,0.15129153059189415,38.8568834513525,-0.23555647262256163,-1.975199713187332,0.07474058199768059,1,2
37.583725788245225,1,4.090580484375395,-1.0240478239268889,-16.942486247075305,0.38705052622857594,2.1784609897382223,0,-2.59022777756648,12.065465679192817,1.2525104581594118,1.5227767377004742,-0.3282417691009583,0,1
36.22501239536118,0,-1.8617984097379363,-1.6091157871993318,-9.314891682844909,-0.7267693164186062,1.063469492327851,0,0.41934322580116135,82.03994131841816,0.10349938387084048,-2.125371697968488,2.186865794746364,1,0
38.98265672153721,0,-2.6312926320519843,-2.7172979422772983,1.8204646326205158,0.5893717693029973,-1.0074627354237844,0,-0.28129819629670383,38.378322433439635,-1.3508557057102892,0.7619904972032073,-0.7079249670299506,0,0
38.38690555330073,0,0.18410155260041805,-0.11055759772725648,-26.419083745308047,1.637629214383042,0.7185233234735666,0,2.098895388798944,-53.36555294957803,0.3301995457284779,-0.981864621390141,0.5748394227970424,0,2
38.797845609084796,0,-1.2524802607666525,-0.4736339325914415,-15.257061100561891,-1.5260725479475563,0.3170751934717004,0,1.5990821764777827,-2.282294017556225,2.203788710403055,-0.22657457429314984,-1.439393895203077,0,1
37.718719577718495,0,1.18281930908096,-0.8953270745811066,10.534065462027687,1.440915909497559,-0.5491474091214699,0,2.47257477025427,28.458775584582156,-0.6578432102362488,-0.30423109586160757,-1.049870570543885,1,2
38.001283941137686,1,-0.8645081015487999,-0.7200033876464131,-36.33369401618448,-1.7210303484303098,-0.6850526512684427,0,1.471232305967432,68.34700402909655,1.178134915838543,0.17213877956806167,1.23147096747647,0,0
39.25473280763843,1,0.4812212207907067,-0.8950433592019377,16.816612274629982,3.1066168137175496,0.591991203635281,0,3.7342042044318595,-36.820958968450704,0.7217012798136339,-0.17283465648933247,-0.012621682140274931,0,2
38.68843981331817,0,0.8376112255950672,1.7092035580231872,-7.675039988824048,3.030918739878814,1.427508679113867,1,0.2555574771623924,-113.50536267453346,1.606263860604195,-0.8510113792390036,0.21798945209422624,0,0
37.19461333030764,0,-1.619750122342471,1.2348723764847462,15.397142151106861,-0.12783804797795773,-0.05401380493482945,1,-0.03044359470045266,-13.291258079307363,-0.516528930579599,1.5075886527287523,-1.6137865860137248,1,0
39.91372065877125,1,0.2208224200616078,-0.8445776723331755,14.808414590633866,0.5064587679484747,-1.051265770625741,0,0.9783858201074787,-19.735913334954788,2.1438644785724357,1.1311068858984588,-0.5302962558886164,0,0
36.74368979523088,0,1.6845635952232785,-0.28088020509237965,32.51072019468232,-0.23762753343414622,-1.0225501928988299,0,-0.18721330455725504,24.893275506827493,-1.5541730761898433,-0.5150809134614915,0.5888204713189773,0,2
36.649352416283115,1,-1.3964926044516597,1.762383735239881,-27.315253800823637,-0.21746247167544874,-0.07676051847913076,0,-0.47749294101068007,-101.80704386323104,-1.3052121601544264,-1.8530266619938303,-0.14754730468577393,0,2
38.27227878667629,0,-2.996717353872227,-2.4171257357915463,-5.4898864110700565,-1.629331488317944,-0.3921598495733211,0,0.530509651394182,117.73428565216231,-2.8248497008900126,0.1870889245588993,-1.5747002248587978,1,0
38.50272411953131,0,0.8680600634019979,-0.0766548532887038,4.021777052839033,-1.7139121743302637,-0.002178127045414356,0,-0.33932735568195305,-4.100759676895603,-0.3689026378593024,-0.25649032949086104,0.13268104098009922,0,1
36.88694240784289,0,0.3869046794675395,1.0585322448170955,31.37267281795554,0.6817665804049592,-0.2144331440156913,0,0.2310460987932058,-56.22200252989872,0.8967168430125052,-1.8551062446721645,-1.6301393746917499,0,2
38.47954159299515,0,0.581373793651573,-1.024605080252648,15.914911974506637,-0.7416930314231522,-0.928878398433531,0,-1.4378051608613904,-5.512859529664145,0.9959598505228979,1.6651071210604445,-0.4077139265446144,0,1
38.33581581844409,0,1.8253836697502763,-0.4010460227646454,5.895996303853825,0.6883762418768722,-0.740060773401701,0,-2.3769669845559704,-34.05312872915439,-0.08365517869908137,-1.7507881355937749,0.5287245721301642,0,1
38.298349539389,0,0.41750980696005024,1.6184916669926896,-11.054193974649518,-1.588541422427436,0.547920968002523,1,-1.5348028207951172,-9.796295559785309,0.928588606196298,0.8436333010460528,0.2029964491386652,0,1
37.64043925907523,0,0.779121264076287,1.7208591925265773,6.011510555330756,-0.030997296761301252,-0.11451826520119533,1,-0.9052026811821856,-72.88018986762161,-1.2431094389507935,0.400680540845981,0.47651723653405037,0,2
38.12004060164981,1,-1.3383531816167205,0.8706204651830214,-11.067328184358828,1.8000735379380939,1.4527094664407734,0,4.0071360737877555,-60.2306289000665,-0.6096218901675969,-0.4475535658086478,-0.24625959666094924,0,0
37.95854787452,0,-2.1489781185988437,-1.7124485562100498,-0.3058581350482916,0.896088826960731,2.054882889926588,0,0.32226059090326165,7.551755257304,0.2530194168556796,1.5507522943293703,2.166714860685808,0,0
38.65128236832939,0,-0.7605800357883019,1.1519709197698362,-14.594443991977313,0.8337083410627234,-1.7364444992576666,0,1.2746344563066008,-73.63041422540616,-1.7286686687498867,1.0017358354752575,1.2188928619830912,0,2
37.48343165543605,0,2.031544747397555,0.6889147067578762,-1.9566748811832406,-1.2489666431548614,1.367632237967508,0,-2.948287204139044,-40.75695639323181,0.7485472269409117,0.6401285923780052,1.0112627238433334,0,1
36.27335040354152,0,2.601519274930603,-0.45135537606178655,-19.62383574240607,1.6168606837001125,-1.3391668064387465,0,0.37691299573742354,-33.7006058506996,-0.05059891537822446,1.7995741216883119,-1.2760854406171547,0,2
36.55064252555118,0,0.06320820978699371,-2.1801313785855108,-16.775093436335833,1.2912327060876247,0.3754960723951019,0,0.7815221416804525,81.0518056217943,-0.42686063053092194,0.43204326779553043,0.6806576964852478,1,2
39.20062315136361,0,1.7503456676283262,0.2563730649054723,-20.596411976243775,-0.9711790205421794,-0.5595488770130634,1,0.6914830363798201,83.86634856350203,-0.025222311770735077,-1.370636237714341,0.6213709617663267,1,1
38.85399224965535,0,-1.8067074112440444,-1.4257810784827658,-0.23010329258387885,-0.07377046200681092,0.8553322550415828,0,-2.6623237101853587,-59.8642388365611,2.2663225864928176,-1.1811701795592082,-0.6101451742135381,0,1
38.392773452232284,0,-1.1745542590145464,0.2700232313459081,15.562818763228078,2.816425574636937,-1.3188033611370071,1,0.6588764251012956,-62.53614875739157,-0.733591955169181,-0.6258334713188943,-0.5907731650456302,0,0
36.78798974580501,0,-0.3622024788588756,-2.3300635653411295,8.86414984272274,-1.292529167641986,-1.1617036392116524,0,2.2147736372389595,110.68425813274756,1.0885450396415273,-0.9860458954506884,0.5486640921461959,1,0
37.575600570523264,1,1.2830174689773517,2.1126796829253047,18.70418901672895,-0.0940052030605596,0.7168202048613284,0,0.17436992434961696,-72.44555129539391,0.5571276104040185,0.1264492640495339,-0.03691334038793138,0,2
37.071322371983534,1,-2.5381460778522205,-1.9731593848844482,-7.9264713154027095,-0.34573428384566385,-0.5106347735470753,0,-0.7959577092246948,3.160364835418584,-0.17809055080869535,0.4263583620775196,2.6184574995605767,0,0
36.49372151818499,0,0.6110782187513939,-2.28803519896624,7.185598362497714,2.101618313215341,-0.7041254819740668,0,2.2025956058011547,76.79683754384614,1.0783773214031325,0.3921722547169125,-0.7555981735053029,1,2
38.77883256813887,0,0.36969083402261227,-0.020771581323100863,-7.501787188426702,-1.3005310352149948,-0.4121024931586055,0,-0.27295435272671953,16.542004704542162,-0.618633001292095,-1.6868524623924266,0.8757177872935841,0,2
37.35108177095211,0,1.9130534043644776,0.5518609424144689,-16.567751520183617,-1.53245318575443,-0.34515118991118093,0,0.6920057355273739,23.949110555742408,-0.725886562698832,0.17068138483817266,1.1292997825460072,0,1
39.87079391462538,0,-3.832342863862457,-2.461449754087715,4.546473451550305,-1.6628834425908137,2.6395805475661662,0,-0.03363043192489523,118.52003995538165,-0.20129595511962003,0.9004387436792459,-0.6805850941037126,1,0
37.58241107544334,0,1.1524053345303622,1.1142382478069386,16.391577826030296,0.6568065771752783,0.4997442079380654,0,1.2691602774482202,-41.80877584293236,-1.0638709768616772,0.007389064955255517,-0.4141332288073226,0,2
38.75097081570671,1,3.508619327203559,-0.16047043561743268,2.379897539215513,-2.6090111858133067,-1.2091989425376133,0,-0.5044649735305455,53.960774749204134,-0.8666676852402484,-0.9758800749311476,1.5989935835980171,0,1
38.36159238196382,0,1.9368515722487414,0.4767715063087081,24.6685578047246,-1.2594019312592333,-0.1740133564119657,0,0.9916392763189209,20.426799299539493,0.4055164427151342,0.736942736241484,-2.098371382678978,0,2
39.39476217589883,0,0.6626418810450116,-1.7804347142896948,-2.882465184262591,0.6117932694287538,0.9828625568446698,1,-0.028254902138045823,83.12840285201814,-1.667535991581731,1.0902415799386935,-0.8395724466868063,1,2
38.675899598665765,0,0.6204923386477721,2.9949601928318277,-32.47422089484,0.03673277405766173,1.694799429392735,1,-3.291752344233517,-80.63574730608198,-0.4589888051329706,-0.6330620328293417,-0.035860802489879516,0,1
37.97138682436485,0,2.148963135511189,0.0025706621004263353,17.695254346885243,-1.1338496882068236,1.1004266775293647,0,-1.3578424867838246,15.64276390328546,0.20532702298804723,-1.113809578679649,0.030497972025556187,0,1
38.32266683437578,0,-0.1584722016233664,-1.785280305353954,0.1510698615054109,0.8978807834260548,0.5059494689981638,0,0.911748387935902,70.21102451631019,0.20914456144122165,-1.651733434063446,0.0520616111833104,1,2
36.882859034734196,0,-2.071094824883236,-1.3522989342364433,3.9155255774955355,-0.030763943920064984,1.471118488507241,0,-0.3485354004814314,42.96338233888949,-1.7673283172785337,1.8431170698688717,2.0689402499147116,1,0
38.08522943841385,1,-0.8956321849567459,0.9001776266433767,-10.45055651608557,-3.204977917108903,-0.841134903836612,0,-0.14119621492179335,-21.982069000656516,0.5976447364791625,-0.8543815126061622,-2.058343921198003,0,2
37.523647419356514,0,3.456249434791764,-0.9361399415485367,-20.663127081696928,-1.1348993388702935,-0.8704380686469028,0,-1.0127229153272923,58.190799843410886,0.37435900594902716,9.4002841506371e-05,1.7296797379736022,1,1
37.090007979644795,0,-2.6502636618018847,-1.6662421244141106,4.451439160948931,-3.021371705496669,1.3301135844879315,0,1.52263781572674,118.76391115506149,1.331813138391399,-0.03354483332934376,1.2383908145221525,1,0
39.93490210929727,0,0.11611167229218933,0.06753489712473493,-4.783854468251309,-2.131317438628013,-0.18233012267535173,0,-0.17439841981256332,4.233009657060304,-0.6933061471830326,-1.0164232499773818,-1.7749657685830476,0,1
38.21650682383514,0,0.43624901485185597,-0.810761028265254,-10.870730006113225,-1.6179639804118335,1.4921024799937608,0,-1.4373842980450577,74.69757771308183,0.26205016851273166,0.7756301444176433,-0.031193822562607734,1,2
39.43439261051509,1,1.1084968187335793,-1.204762444944589,-1.836416034003686,-0.5757667113283966,-0.040818678059819265,0,0.6588702005496654,-8.833928121048034,-1.3777280702429315,0.6072863684890274,0.9112085052760294,0,0
36.753492760232554,0,2.361740665455008,-0.5157442612388119,1.383463601946415,-0.3487816642918794,-1.685886385704661,0,-2.5957288384300057,-22.687654212082133,-1.0297561041713725,0.7436800798776201,1.3981865398696858,0,1
36.63425508966687,0,-0.5049188642840596,-1.7770650030062098,20.0863157771278,-2.1695238350858945,-0.056688970735631256,0,3.244053262739689,125.08646772153378,-0.11844429189973185,-1.7665087307517133,-1.6491230357531812,1,0
37.14231377522047,1,-1.1541228579086091,-1.542790065379323,19.47206297582682,2.467337739261398,0.9070791789036139,1,-1.5026579574025116,-3.4606833491618887,0.26413375663636085,0.35035237151140786,-0.12275744116614341,1,0
40.20527160844184,0,-0.8084986829005874,0.6760404805149907,23.650687354080425,2.6387773708930364,-0.3908982063607533,0,2.80219574362893,-57.53024123117241,-0.8136337096108859,0.06501358980367929,0.13534558056262908,0,0
38.15800704894762,1,-0.7762127953938616,1.2739408575236477,17.486414576103815,-2.289026667188238,-0.6468375134043416,0,-0.4575898348009597,6.912562915714888,0.6410654280131471,-0.4184705109059113,-0.6032917024903749,0,1
37.68841324949175,1,-0.550657025124561,2.0680109436445786,-3.8489891755438164,2.181506021374055,-1.7449336773306372,1,-0.2892119890831788,-130.16074111743978,-0.684325676552156,0.47271386931725534,1.3799468645664543,0,2
37.693699957319076,1,0.14939623470730412,-2.281428993260902,-28.797458260917068,1.70115837392056,-1.7039517936457644,0,1.3851683257714593,57.22998536171687,-1.0723241368459921,-0.0675762474751743,1.110723011563871,1,2
36.74890518874698,0,-0.8979902406784009,0.7231672414329835,8.663418879995715,0.3295257792953662,-0.35784784586460816,0,3.6608062309871494,-61.180090883501514,1.7271826157540207,1.5340153038646078,-0.48836658569513497,0,0
36.30438019540856,0,-0.008712638395858674,-0.5472774710316824,-7.629576094954473,-0.5347452016821741,0.4813460007646941,0,2.0687199570510293,52.29025134662031,-2.5068276385722323,1.330072857999538,-2.3481070717508286,0,0
37.221356514548006,0,0.9644613677448668,0.9423107998444799,4.108445176320906,3.073700504507433,1.687446544080883,1,2.889858386213222,-54.66024981966516,-0.9539210770954016,-1.119538978312885,1.6338254155967855,0,2
38.993175517236985,0,-0.41975845856153726,0.9107679891948739,-19.54402108121572,2.0723866028318167,0.9130923547008449,1,-2.5153581657145914,-78.22163856247437,1.1163211930341888,-0.22108774153566596,-2.030753180102472,0,0
38.00012308009139,1,-3.0525224073023898,-1.5570972663022187,-2.113304454309408,-1.9236939865174816,0.7861068385775369,0,0.9400439115860952,99.84493359577459,-1.6677862124633678,0.1625931257356311,-0.6360739440709892,1,0
36.895211036193345,0,-1.224413751640776,0.8634033843532061,-7.864807592534413,1.8061270116195867,0.3294318837384072,0,-0.19625151915920536,-94.7606499419293,0.596460385983319,-0.33050197389805824,-0.9113067756808991,0,0
36.836615284791854,0,1.297388145780261,-3.108410391484774,-15.121367592805594,-1.562360868183151,0.0989079554844864,0,-2.6327845279931075,73.35212664182329,-1.5929674588030334,-0.10877627781083363,0.621970660548257,0,1
36.23829212806513,0,-0.6073435319044309,2.0431105488034516,2.7755556898777196,-1.412444887450473,-0.6389637759370789,1,-1.2939977867850652,-26.862802885787918,0.00595044132642552,0.2345011567541934,1.075315325284298,0,1
37.69572401984386,0,-0.43175797161726315,-2.235206942945008,16.72527934484762,-0.5296956434014424,-0.13824504885645517,0,0.9837668130651909,30.685112431649213,1.322558186461629,0.43027442789677744,0.2669503765586954,0,0
37.1076198995209,1,1.9974200489617728,0.9487475854185887,-13.721669904975172,-1.3612663853854072,1.0391926266880356,1,-1.4200644344419673,16.904527627300645,-0.371873265262984,0.21538765610457708,-0.8518180187636415,1,1
37.17031622490243,1,2.5914313911814677,-0.26138159060501664,5.698254279361708,-0.6819348327865693,0.4026084028198453,0,-1.3270179865366059,10.321970197519773,-0.9524878824928857,0.13317451425903484,1.8179012216009682,0,1
37.77467452471279,0,0.37255034005463183,-2.4122173028075045,-0.2540061372228988,-0.32925746447235416,0.38801380466004504,0,-1.7702689732024348,55.988988590698895,-0.8336869252149021,-0.24231608649844705,0.027454717217666083,1,1
36.82033439103763,0,1.4691911774950945,-2.5441441671993426,-5.664189589807332,2.0321803612551665,0.07900451856728401,0,1.2227399286979277,82.04813469622368,-0.011846504919799977,1.2200474335571803,0.9943379151430314,1,2
38.44831795378314,0,-2.335771144797608,-0.6008873201042767,-7.274743937465248,0.9001058455092741,1.3281202322374113,0,1.6419010724876868,-29.907462127567413,0.46682758415703635,1.6216359299353178,0.7797687735364636,0,0
37.16705101750105,0,-2.457217091318993,-2.186900114154491,-13.666250590374283,-2.751391940298427,-0.7205897211451003,0,2.2597610109941852,137.99579015480663,1.421958971441311,-0.6456298374371227,-0.9896255945556119,1,0
39.14788239327156,0,0.17813832422882847,-2.45729237614759,-0.4066921851009142,0.3899057194741502,0.17889989851457622,0,-3.957718850550856,-13.779992547573098,-1.307657120278545,0.24829522849500224,2.1164460385427346,0,1
36.91758722461233,0,-0.7589117962713863,-0.5974528973801713,-11.073870979990389,0.9097971686028324,1.4155050887697032,0,2.6770141258541607,28.801025222037158,-0.2953930249389517,0.07907788274974958,-1.5010800528808652,1,2
37.31500513666734,0,1.232267365581049,-1.269209155860211,-29.947739678072633,-0.4911827985322528,0.8950628100785243,0,3.5541293912080496,79.04588532532732,1.379927867074758,0.01027256194113616,0.2124087285973978,0,2
38.28560952850087,0,0.10866699234110433,-1.1696875348763167,-8.471644901676365,-1.5707433806285676,1.521677287727129,0,-0.3275930894167529,97.89739059815965,-1.072798207242035,0.8288362634642499,-1.0584527214830666,1,2
37.321386562328975,0,0.5883163223124128,-0.6450721916239015,9.968237579965205,-0.08527604337090733,2.0974419426302546,0,1.718665758656377,54.17438713966508,-0.3327571451256388,-1.493164868229151,-0.20790433199933242,1,0
38.03193325687999,0,0.40828625976556476,1.7731280661273043,15.738946698934027,-0.0419790356330525,1.2366220493514446,1,-0.09625461034980876,-44.36274813133569,-2.1773744010491614,-0.6434606163836988,0.390307050979929,0,0
37.121604334301935,1,2.778894759665258,-0.05062765853594087,-18.431243267317765,-0.2629148241796643,0.7329063088269379,1,-1.0519302978637184,38.584571604758814,0.9941294524477288,-2.607583687328451,0.7464829652117498,1,1
38.80258438048695,0,0.6110301209407019,-1.5380698534515362,0.474971726048549,-0.010387519207531004,-0.4640978335301448,0,-2.1828148820121793,-5.092772064381972,-0.013172952570948452,1.0644261782610789,0.08863270168795162,0,1
37.543528108640835,0,2.780581688005419,0.19788266107203512,29.0254139664953,2.5799206284307865,0.6654981348463288,0,4.322929592479493,16.89221586445587,-0.8269188727444192,-1.6923995737765158,1.5325077084865912,1,2
37.64265935245694,0,2.4701183258571513,1.1802543055781076,-18.110869116550397,-1.3250584316909513,-0.8040893290445116,1,-1.4348171663812685,26.147384496801436,0.14670530402227677,0.8109039483916994,0.9674524972315902,1,1
37.10047447503406,0,2.0454086869259243,1.0707082085353277,-11.650648542344127,0.26266706952196683,-0.7777507732709765,1,-1.1327186255637114,18.78340846223714,1.4355063350011643,-0.5389859001728412,0.25069916393195046,1,1
38.27196739473,0,0.36432918705755757,-0.9212421013002821,-0.37172069561135457,-1.8327976742030017,-0.607658469879139,0,2.230989069113102,68.6913750381529,0.7973431556108848,-0.9782277184299255,0.1837711532355621,0,0
37.5237696857155,0,2.529729233551884,-1.668097982852737,4.469231462066694,-0.5391121441548361,0.7996451774392631,0,-1.3376889402509367,66.84387045173979,-0.40623644297366557,1.0634819690932311,-0.9410276479923376,1,1
36.96230048737855,1,1.0912047634621853,1.7630037540215948,27.216512851762907,-0.8932337108095432,-1.6597779488831401,0,-0.25385949980955846,-52.41872831013593,-1.9785607318265723,1.2142684304586004,0.45473529667577023,0,2
39.37603412700898,1,-1.7094941525969192,-2.428572899825574,0.29320006875798565,-1.7139117804274988,-0.04684675240493674,0,1.2965777551318856,119.08103253746978,-1.9895126439871542,1.7739575449816636,-0.7131834406574673,1,0
37.13691814827369,1,2.4058212265991195,-1.267239634385454,-22.563108377407286,1.3979593529577385,-1.288139853576079,0,1.054795195023359,42.01667502431565,-0.36610950969526646,-0.742579575437518,0.9477535276342833,1,2
38.03729632018504,1,2.959743547043031,-1.6643406600877109,9.834926499616751,0.8497701243522164,0.6343516733792278,0,-0.5468986745506152,48.16609214390817,0.24215645437629577,-1.0523997550605726,0.7423754131428445,1,1
37.84773292169509,0,0.9699880571785287,-0.07097816024686698,-13.375737539448226,-2.750023426889606,1.9469263497328813,0,-0.4255638109228028,5.867640690779064,2.235293308025727,-1.7613019391382125,-0.5900723093163479,0,1
37.30486656821577,0,-2.334106944396098,-0.7134621784920756,35.16088429062859,-1.4918172320488148,0.726191242111436,0,2.110847878660529,82.65095550990458,0.3026955653106685,-0.3761560678845949,-0.40945204671077284,1,0
38.96833510828705,0,2.380892481134701,0.3363539298812649,12.993892847452575,-0.9035334536515048,-2.252154053869235,1,0.03905951093186055,69.50171946302845,0.20914810698866113,-1.3728186036790382,0.6927216597722179,1,1
39.25243883861335,0,-1.344460548471858,1.4548100282784349,-10.17560118643656,2.6881812380175196,0.5803987673731104,0,1.6329733657154764,-102.79941945094563,1.1556009728318135,0.206901724764616,-0.9655621251492525,0,0
38.64107514878442,1,-2.168053373393418,-3.9906444578064413,5.573014803427493,-0.5383354602879843,-0.4237425484135092,0,0.6850015824995446,141.90527249014292,1.1204390184079807,1.5605822761057182,-0.7864639531800585,1,0
37.43607560946269,1,1.7017972148206533,0.9397458893138589,-7.0765963109992995,-1.13702593289525,2.32073350876536,0,-2.9451496484554465,-42.69305091881431,1.249904725163127,0.4528630145644918,0.1425554998601679,0,1
38.011431239266614,1,0.9899227088827043,-2.3592578117039844,12.139988124732486,2.123228231712554,-1.8417956603337966,0,1.9860588304734785,71.30510450076639,0.43243297324801316,-0.9757035394370925,-0.28187549071718343,1,0
36.65244452860805,0,-1.172303511749765,1.3064847458500335,-21.04548720932492,2.6744097527261923,1.0827997614766878,1,0.721191587198883,-103.89430296363852,-0.8272357655135598,0.48842829581340363,1.8390789486464596,0,0
38.011231705539274,0,0.768348409826021,0.020450954995762105,24.61654395442212,-0.7699094880932,0.559618821845643,0,1.343679987658158,15.950177801771211,0.6868223434247565,-0.16993218460214846,0.05552053676080895,0,2
38.66405129415673,1,1.6731235933103792,0.22023131025448583,6.965113319752545,-0.9521832047104439,0.3570150142045458,0,1.2041934480298386,22.5596939652964,-0.1052698794283644,-0.4993688052060158,-0.472741863521424,0,2
38.366132986380876,0,-1.2846281306000003,-1.0965472068737563,25.73071442399545,0.5429571422803319,-0.4064305502488244,0,0.2723934170711714,51.65161336602534,0.3815302181171501,1.3010171200092768,-1.2979026716714166,1,0
36.876825615971114,0,0.24357396056392355,-0.25872280408397474,-14.094645305527617,-0.12390290852652186,0.5505390673832032,0,0.21738918560769593,8.576322977073051,0.11722853964703672,-0.8402934149666299,-0.2074954720335152,0,0
38.457421919840314,0,-2.5616691262659765,-2.3852566160760427,-5.284802316238989,-1.0412617019464943,-0.8722516374835507,0,-0.24002241064883645,23.93597181637751,0.590869426862072,0.7914450900469748,-0.07722692036103956,0,0
37.32970122953678,0,-1.1287292416722776,-1.022249684282048,10.290357131837762,-0.7866462612538532,0.04551412556877411,0,1.2630679471520976,56.16439571603048,0.9504725507794483,1.848900255690784,-1.5039318394102332,1,0
38.953896916810535,0,1.2328554489922714,-0.8908536392995464,-9.136597817842839,-0.3335096934206623,-0.683683803194049,0,-2.120886161676524,-12.540452791902212,-0.4956778405647398,-0.5750535606751459,1.0496457774999668,0,1
37.82002469455346,1,0.6633261980832977,1.7298355699119647,25.542256670073478,-0.2485726076747996,1.284719150991333,1,-1.6893809815460399,-21.605294047570183,0.5055169605869381,0.030738219201144522,0.6599037771064616,1,1
38.92155867952045,0,-1.0749546716896987,0.6117497714663431,4.842515750739491,1.3170444877769776,1.2082169623040313,1,-2.188050273978458,-50.76036539017207,-0.337793688233643,1.5396233941763566,0.2879854314358832,0,0
37.951901713623805,1,5.708925155556818,2.681260809055835,-5.1098799590329,0.34154069913710505,0.5072640517518041,1,-1.131677687034441,-45.86096150846558,0.7934209035418108,-0.5394293265019228,-0.5328805891279909,0,1
36.238576212233035,0,1.7103713564431078,2.364462324843979,5.961784318448547,2.3687685497494293,-0.8101553522231567,1,1.7624449695835191,-96.0859453173946,-1.1671795698198393,-0.40784863972960606,0.6284252891985477,0,2
38.38537414205122,0,0.32696292130341187,0.5739934892716658,-10.401834567055124,0.2533661687502413,-1.0807643950810306,0,-0.5476317241668438,-52.366501291393334,-0.044471982813966755,0.3280207265347687,-0.11181181309933522,0,1
38.43493607820753,1,1.360774877974123,-0.12489412601220207,-1.8865774724690967,-0.89627744766637,-1.3036321706796357,0,1.814828563738517,32.97502846941582,-0.8983267898199114,-0.15603660552384815,0.9088112510642353,0,2
38.78404444737651,0,1.02257622528188,-0.796022309404255,29.616116862833376,3.7848491981555155,0.04142040854863083,0,4.519375914372059,-43.59789846203096,0.0859009863527993,-0.014820168580780581,0.3382648233087594,0,2
39.0579337897287,0,-1.0912735424091984,-1.5845823246698985,-3.683997502320068,-2.277291435355381,-0.0077246262156470975,0,1.7817395425621925,102.7934753586478,0.48456617587424794,0.30319228814527166,1.2658553726583024,1,0
38.31842479627124,0,0.7249629780312512,0.2910593024013127,-2.825154129900019,-1.551709874881297,1.2411890097809986,0,-1.2014570913591571,-8.702354498602158,2.2541297020211024,-1.5219083775489481,1.6288236143462933,0,2
35.95143984136663,0,-1.4602997053779845,1.3642829994693906,-11.85732876562365,-1.3209946530886572,0.2937550118863227,0,-1.0724965882649549,-35.330650053132636,-0.5912643833406297,-0.5498802691505345,0.8317359252273978,0,1
38.57110810524373,0,-0.5476491534502153,-1.070179734247322,2.7312543388925237,-0.23559541652172222,-1.001779267300093,0,0.2182564743669585,69.5009043770762,-0.12131105939932385,-1.0666169554582188,1.2338600153750376,1,2
38.356517905279155,0,0.4775178793979631,1.3712292660064982,10.725842711477446,0.3189583855953473,1.7399709101391871,1,0.23445070072333007,-28.77210990082278,-0.26419606928894585,-0.8252370301658961,1.6130250444044794,0,0
36.121281981343216,0,2.944292869597384,1.0723808810764588,29.521949384456953,0.47900790836239726,0.34079425903878896,1,-3.3175562177020304,-76.40569617724854,-0.08236630974282742,0.3629606904906062,0.10601296080078489,0,1
38.86172256547792,0,1.3457090922488468,-0.19810383993432135,1.5031444797366562,-0.8754523056407552,0.5943714579740914,0,-0.7498359679536282,23.234982369073705,0.47640625751705873,-0.07524623597481056,-1.0314586417839304,0,1
37.666915022554036,0,2.9063059499661956,-1.4058749778011328,-19.034810337783252,0.41623763648867573,-0.34575054780908926,0,-1.5632536001484492,10.845234099261965,0.17924814217234822,0.09396349098800234,1.4988549140335574,0,1
36.99627040917079,0,0.02528051372005269,-0.6007715916646083,8.630539998502478,0.5065059983338949,-1.8180386928081684,0,-0.27396785689068537,5.648260719228693,-0.4082951681201617,0.5383157789245483,2.976741208624981,0,0
35.79039769309461,0,0.5170282536398649,0.7937296024870775,-20.15830032472057,-0.5241803953800896,0.09005918718985328,0,0.4333304427990723,-25.948604567162125,1.3109318283560503,1.2070229303915705,-1.4614156540790841,0,2
39.26972909449641,0,2.472821642451369,-0.3511142739251256,-0.6854048451248718,-1.7183789363867428,-0.5439124129554749,0,0.6281690816816616,62.66036538354061,0.0008193601807040843,-0.13100194412187716,-0.30675991209266523,0,2
37.42675769956924,0,0.7481697933273277,1.99479732326033,9.4871712687325,0.4379719532131947,0.1470816786111463,0,2.077067083364615,-65.61174164681606,1.9753628971688888,1.4021508654381964,0.31712496880368446,0,2
38.78827238337507,0,0.7406938656140087,1.5486754024481826,-5.910945143873238,-0.6482055400359652,-0.6540957687501336,0,0.7060234940343664,-43.62275155723395,-0.21023824870288557,-0.1803544929689877,1.2295403237016478,0,2
37.67208046010288,1,1.6859561572182264,0.19839428715571128,9.637119390077274,-0.47097134827411036,-1.1646887375782105,1,-0.08653872757632652,49.38183527166935,-0.625272707461915,-1.296712783020071,-0.4133554674041008,1,1
37.74250368065917,0,1.333140209075775,-1.1953648981497185,-30.782034989630695,0.1254273205870653,-0.6338252824693029,0,-3.626904973087588,-25.014541806531355,0.2596294810586308,-0.6013483982402757,0.27910849831810924,0,1
38.095578673978096,1,2.2862090570529165,0.22610367578469903,-12.429429249267212,-0.6424710928033575,0.6959101229651313,1,-1.03946879062357,21.760882590817058,-0.2788602449680091,0.12184857763631561,-0.5230262665487343,1,2
38.38099769766677,0,2.0167834903352286,0.8319092979211864,-12.570282977501664,1.2278990962206686,1.8804926545591134,1,0.861453725143695,-28.93110767097027,-0.01849089514698422,0.8108004703717647,-0.3311161213696423,0,2
37.043205754296835,0,1.4335478176648873,0.4819464721049055,31.897417006639195,0.011577670215374258,-1.2882020107574166,1,-1.6131652461950283,-10.068628711714807,-0.5656533493030682,-1.0077135878035783,1.6901503097171984,0,1
38.27103068340749,1,-1.8633802300146147,-2.7953381639531174,11.572042332576778,-1.5427139406607535,-2.5224232204870733,0,2.170163578365579,136.54493764738052,-1.317688119562844,1.9410825786041364,0.28672533663901373,1,0
39.19502617915706,0,-0.4964940622018892,-1.2850761480878738,-17.849542433542346,0.26839989325933944,-0.963363625902635,0,0.5782395560908777,63.94310054605998,-0.28135312625091663,0.707046929624007,0.06869003476394386,1,0
37.471299852065656,0,0.022745813593109343,-1.4628965913231229,7.309902561743964,-0.7774310836232206,-0.4004331803805197,0,1.5226676721981938,64.94703056145059,-1.1487714389701276,0.16701847942101825,0.022119766995759276,0,0
38.308030063735245,0,-0.6057223478112228,0.9426335781465756,-25.2695223307208,2.2741867264333955,0.5731923937459458,0,1.5031526623706446,-80.12032549294494,-0.5039205788163784,-0.6432919201916146,-1.6382554801730644,0,0
37.048972947065884,0,-0.2235999221403332,-0.8532037707343035,10.942914409986734,0.7040458728619696,0.7489658429127565,0,3.2792527806036964,0.506014320875789,-0.9374215465711673,0.2957094344183177,-0.7667644575290781,0,0
38.1904189836245,0,-0.8893155210956967,-2.150068769148847,13.60391667518464,1.1568837008251673,-0.8630823802590865,0,2.039183795549294,112.72648183022342,-1.9977607029675295,-0.9838032575810883,1.534128698185776,1,2
36.01241790630853,0,1.2424619797268859,0.4902371423617087,10.525000295272552,3.305155296765507,0.9676728011493917,0,2.8544568987509327,-44.29022341054476,-0.3765754755208234,1.021169286816679,-0.04193064955036392,0,2
38.713506841108135,0,1.5009857064375303,-1.9541210378881604,8.673624394046225,-0.8879364676154451,1.3069032041189033,0,-0.793239180715045,8.149837089615238,-0.23860430054770138,-0.39737499253589625,1.0214041910792615,0,0
38.553686003906044,0,-1.925614918369861,-0.7561523867539042,-33.91634768900961,0.012632649439702215,0.814232965722118,0,1.2236624297313738,-28.058482814953184,1.0352176962595734,-0.13132306431499116,-0.21932257392641882,0,0
37.802067797429025,0,-0.13526751766792677,-1.8979485667353608,1.6051955920329886,0.6444686583286119,-0.4967266837056207,0,-2.194864315441092,-3.147685672482953,-0.4884091328758732,-2.393895477251303,-0.35959080744618843,0,1
38.45625283371203,1,-2.6478549896226466,-1.4392177969923212,-2.2431088015516147,-0.8303266973575687,0.11215870713765468,0,1.1122870952794532,99.79512356378882,1.192352512912599,-2.185891555999232,0.4679801434460613,1,0
37.84010045258355,1,-1.7435378087658742,-2.6579875290874524,-9.845561071669383,-0.6124790594369699,0.8151732886282163,0,-1.4204980507506946,25.893460283501586,2.562679461323845,-0.09098762191757176,0.3823181166429763,0,1
37.15647592143383,0,2.795097356352729,-0.4789830452307633,-1.5522387866163423,-1.4173519670139179,-1.139935371181243,0,0.29369043740202905,89.35846684797191,-0.7819302105392554,1.8294102246971446,1.220489810349982,1,1
37.58843938167238,0,-0.3852945796830647,2.651256629553973,-9.0958022522515,-1.1289315795314436,0.812208273436852,1,-2.246185558276104,-49.98143752912586,-1.50508568195339,-0.1752622035095561,1.6604757222497233,0,1
38.255197728074776,0,1.7262045531644903,0.7714704668908989,3.572412850317407,-0.5652280223255715,0.8925337344705112,1,-1.0109454065781702,22.523690027674085,-1.2171639273784585,-0.578249803579577,0.455953243406151,1,1
36.12872896454728,0,-0.7898755723818109,-3.757682735385668,0.2568738531904732,-1.9708633882594526,1.0906801978665799,0,0.5697561903655217,85.76178495406678,0.08128159486116693,-0.8230609272583729,1.310460089106462,0,0
37.57679311309379,0,-3.3611628164652285,-1.3233845101492658,-14.014238116255045,-0.026829031245634738,0.06357776078376104,0,2.0037990957822336,-1.8461392028291308,1.2169349125943134,-0.9607884127554196,-0.19816645935455254,0,0
37.69044034151503,0,2.717672475486223,0.7461570323671985,13.54300408280161,-0.7288611869346036,0.13166225133123718,1,-1.5517337106716917,17.684283302227136,0.6069452505948914,-1.2895716427489126,-0.8426938845269678,1,1
38.51041459080825,0,-0.1738101012242672,0.11257716747093571,12.605855988367974,-2.187593962968566,1.6699706291919958,0,0.5682931857198612,54.0802488362357,0.44694755943242687,-0.03640655611756134,-1.1077415871881542,0,1
36.63535654968378,0,-0.9484210094094719,-2.4813555654359805,-4.002402879316977,-1.5678051162020643,0.3672951351098001,0,1.961576395309151,126.97337863360102,1.8668867759180923,-0.38855085793352606,0.23692761725244738,1,0
37.51705679216653,0,-0.8311489711169844,2.571446505954234,-7.354409100542046,1.984064990551612,-0.6938265642823399,1,-0.18275781749728592,-152.1711992509267,0.5225675303497084,-0.2655646017619368,-0.24155137565813212,0,2
35.94336074792275,0,-2.184152938003473,-0.4872302186285803,-12.816315999706521,-0.0933565322034311,1.515622706815515,1,-0.044718058642444714,45.56647595995137,0.7450928950027359,0.6600749223816431,-0.3505896448992762,1,0
38.44657775119864,0,-1.4170313371137897,0.9768068338400899,-11.588381738852835,3.202792134318991,0.32275262453703035,1,1.5549775657671239,-81.07440524896083,-0.10093106892244369,-1.3167500632328615,-1.32172849931038,0,0
39.38919947086774,0,1.0765193960854706,-0.12372450529129586,-1.8418572130360436,-0.8604493518064085,-0.4312049791646856,0,-0.20347213578779588,39.711953888229885,-0.464868121327833,2.1527041376628127,-1.925831560890494,1,1
37.5076939153426,1,0.5104711773677943,-1.2917213615622098,1.1658772789267104,0.19059539626080835,-0.25147106300128996,0,0.6824222739410617,64.50791785705096,-0.8012076485322882,-0.6264281916357367,0.5978752992832426,1,2
37.445830581065145,0,-0.3890415233904947,-0.3443416255370928,24.911062300812613,0.16927026654249733,0.15745860274684872,0,1.6880006530839748,-35.55511670534379,0.009274416743851793,-0.5568334167482292,0.44630980317206614,0,0
39.134093029556325,0,-1.041787058131852,-1.5135067832066058,-0.4840037159795907,-0.39861765218112666,-0.12513622827366563,0,0.5369913251756264,68.26389538129214,0.7704930846256531,1.4201850866135233,0.15717276969831923,1,0
37.52153006218585,0,-2.3896253030896393,-0.4730497274683416,0.822850453544128,-0.9248101931579417,-0.6516488523495297,0,0.2890552395376502,47.363097237012134,-1.4468695761249513,0.026715910321763802,1.8559283138166556,1,0
37.550480971970984,0,0.7796779124898232,-1.9149278552206515,18.414453142902452,-1.115857311985641,1.183341310380537,0,2.1253727129581006,30.055816521900127,-0.6441669513990191,-0.006909960777005889,-0.3706602575196031,0,0
37.5502014169412,0,2.1569329761935228,1.870962630894724,-20.06364604214987,0.4885046046869391,-0.040429167287664006,1,-0.43027702256305544,-63.38275931897698,-0.5427381462404507,0.1193990057940452,-0.3794608978282682,0,2
37.09290054960089,0,-0.4883436182519054,-3.025591999879421,3.3853038512209417,-1.452148303009586,-1.7017754670885972,0,-0.32217560717193494,76.04260744035555,-2.4229591195777194,-1.3748932244237393,-1.0906681725016236,0,1
37.56494694327228,0,-2.7571184011999996,-1.4323011377126942,26.700243037568754,-0.6986735873788854,-0.714205899425415,0,1.6668895446320442,0.5064434021028668,2.060588800596417,-0.4807923249580547,-0.6255593612153998,0,0
38.38471053569319,1,-0.5295276037943104,0.09110388109756218,8.87064687758399,-2.853280148648126,0.6056166760313957,0,0.7605481395476834,22.65602795313487,0.7179723154990427,-0.19324455226672296,-0.8838776992214429,0,2
38.36884890568794,0,1.6522374034129412,0.06972321662483916,1.2683965427835997,0.11278447547310211,0.8181731933225421,0,1.9461426147883554,20.830292550095532,-0.5378498952589464,-2.722885638171512,0.2922530103527491,0,2
38.326667585141706,0,-3.070193248050613,-2.4649519333195284,14.94248538679907,0.3560703821615473,0.6546291153538526,0,-0.07874738515354474,29.257712909004674,-0.24441941595204728,-0.9578320992474049,0.6764827469288891,0,0
38.310865045011646,0,-1.5246016582296735,0.2619920311498285,-16.41636713620658,-1.912585893507107,-1.0919456586529435,0,1.5256267630241434,49.336628648256124,-0.6023263182917444,1.631764857201492,0.6063018611829404,0,0
38.69619672741713,0,0.33814426119134045,-0.27032805475528743,7.661373038581503,-0.054350753979120814,1.1706902965724546,0,1.5244144446471382,25.10987220146912,-0.40454573922003834,-1.5458904637546176,0.44615589479434237,0,2
38.34902074563902,0,-1.872459172212673,3.6131173913427386,-12.822403460198547,-2.215636091271511,-1.5155396699800052,1,-1.8166803319769023,-52.850424993664745,0.4967916216868397,2.2170373311791822,1.0748870175367664,0,1
36.54233773886113,1,-2.275550576019066,-3.129769835924182,-5.388195884011511,-1.6623148065040976,-2.1775418731236535,0,2.062058449005931,155.42731325790297,-1.562356232417664,1.5870305987793734,0.15793809224272773,1,0
37.975037301031755,0,0.6448544695691782,0.5357751977391145,11.250969506649062,3.1545473430200546,-0.8757566492234324,1,1.3607231559650308,-60.701887601969815,-0.9300347018113125,-0.28004267244778125,0.17501383405394258,0,0
37.33460590720308,0,0.6769126979439881,0.5595130019054072,-2.1525239608453073,3.9493883684129116,0.07472082884637396,1,1.4465182769553715,-72.91702259408893,-0.2743674790363887,-0.7496379153208814,-0.748803416452912,0,2
36.682855667491665,0,1.1896926518733073,-0.8857679795625739,4.353511768056743,0.648512902825167,-0.6477806638920477,0,0.6000136435927401,31.934360004263585,-1.0424954156664874,0.2091285676753391,-0.0524194802985493,1,2
37.702692686439136,0,0.15122871272151162,0.7124063194650272,-11.211652939645452,-0.48255367884843103,-2.2591324484708903,0,1.0599512527497477,-32.13455692976398,-0.25846016534016336,-0.19523679507636119,1.6319767151559368,0,2
38.420039102293835,0,-1.7256065322858878,-0.8788883823361765,-0.1420791301466633,1.8373746438029195,0.2772729565545998,0,-0.5092398242451723,-28.837733702182554,1.774928682795852,-0.7484864936287253,0.6624828695437712,0,0
38.5263469616719,1,-0.6951391971487795,-2.954862152901997,21.222078610298034,1.0439969665935158,1.0062199089931936,0,0.8709084920974084,127.85809421124881,-0.9665605860140111,0.6906796752696163,-1.9960398010205909,1,2
39.14939636538278,1,-3.0214285750560235,-1.4108181382962786,-31.06645224559418,0.14889889384211208,1.3843537404339337,0,-1.8369871569746739,35.04893373809267,-0.5621146074170887,0.058122209701728766,0.05554914098045264,1,0
37.69669629474707,0,1.4748310638470832,1.031171101226442,-0.7810800884497902,-0.6248936676509789,-1.2386799354755234,0,0.5872643156378887,-33.4460690530152,-0.5983341123015512,-1.0146050698868407,-0.5307080748034497,0,0
38.14278486109329,0,2.004840101968967,-0.12889729881373846,2.160654774727059,-2.253427739446489,-1.0745073245408765,0,-1.4145772925821745,-8.348792877334802,-1.0629963050420719,0.777986190403144,-2.075930645637428,0,1
38.99504466822429,1,-0.9334242258460057,1.3915408568963135,-15.465471657963956,2.362436702808533,-1.265007033833067,0,1.5471659136346,-98.57611680253736,1.2287993025146375,0.021910419772218317,-1.3632566463908968,0,0
38.29103421384364,0,0.9737383270849158,-0.2690418270162611,20.46334716406792,1.1508307509800808,0.4902662740895976,0,-0.08239632908244632,-12.201411686524413,0.3021328593964448,-0.7466646756642026,0.19443066213555704,0,2
36.57123820697887,1,-1.1204048985340194,0.8123869785669264,-4.073853526848347,3.6558044949112287,0.88130968679377,1,1.7513280345441347,-72.55613134281319,2.8021314805127027,-1.3319473064165332,0.2634086431289557,0,0
37.11949694545329,1,0.7727590506773189,-1.2301477182615206,-17.64525338429524,-0.3302808180693071,0.736661282875098,1,-0.36153664286884335,78.96901945610293,-0.4743683790259326,-0.12598792565160527,1.0974020401878763,1,2
38.830179624643876,0,2.4030251748585503,0.10781252204032576,1.6299066940771003,1.4584945531084417,-0.1674081330979349,0,3.6666998774748363,21.373844844973544,0.9123197612727261,-0.6483590885636367,0.8038327092417832,0,2
38.619762435955,0,1.4718271231374978,1.3301150728645297,-18.249394646213023,0.9545211197360388,0.4664966322746869,0,1.2226380238382157,-43.50425035302257,-0.03868020136212443,0.9243572486818167,-1.1228146857688506,0,2
37.091264081109024,1,0.2219374721233256,1.0159760904750446,-32.07936407254125,-1.4058273622851476,0.23188759189473193,0,-1.428503191455348,-14.257536384186462,-1.3556213398823638,0.7265904363305256,-0.9897767078077836,0,1
38.28392960930582,0,0.06738824541311905,0.5147768212123128,-1.5831054198648289,0.7702093593404509,0.32124324165952883,0,2.0474808399803623,-24.77994957632631,-0.5578131525299705,-0.2651443750116596,-0.6835767797404035,0,2
38.393183888215844,0,0.05891944303590002,-0.20757448746417761,-3.1846181768117816,1.6883906736249186,-2.068001404449879,0,0.2984784219542759,-34.09293862805705,-0.9800654964204367,0.5884541248859567,-1.3437941450796296,0,2
38.72739309139643,0,-0.29432763824908226,-2.5115007346549536,-14.93177370804585,-0.7349037247284671,-0.03076161370845053,0,-1.4893993715236844,49.364964706943084,-0.9369141563639587,-1.3977117074462033,-0.007167652253693296,0,1
36.994180829099655,0,-1.654700626065043,-2.079103169427337,32.52585369738197,1.4136816720592467,-0.59359426837606,0,-1.4503800773481745,14.811794597305319,-1.259389920976435,0.35563192509351244,0.8752314801515835,1,0
37.61743985109382,0,1.3086808092490063,-0.6103963478861233,-0.3111783298548636,-1.5138880010931914,1.0219292531673299,0,1.045607505308828,55.164339724073756,0.40255242657323875,0.27706364270063766,-0.0661772980642912,0,1
37.790633476538844,1,-0.114304028191889,-1.62390343869912,16.6988125376038,2.318758762094382,2.0831849207289017,0,1.450934345288856,20.408371160757238,-1.7319655655798787,2.4052370141455675,0.5017162606002427,1,2
36.237295820208885,0,0.0072123889952049325,0.3085176734224151,5.5360925172882895,-2.8699222840310057,-2.1112155416431704,0,3.287573196278178,74.06798399942119,-0.9968517218792062,1.4163562158244438,1.06742078326449,0,0
37.814782921417105,0,-0.19876028538568902,-3.5435368037677293,3.545071503247384,-2.1405064222770305,-0.2984265589571883,0,3.519860422503666,100.39288336667798,0.532524005064642,-0.8346531354171827,1.393042344263463,0,0
37.433810964132846,0,-1.6316288569985462,-1.2625434113424614,-27.272864326824752,1.5401051111263158,-1.7321381305124974,0,-0.012369006831141283,-10.942630220914392,-1.1998876188682972,0.3604487185796358,-0.06242447645822613,0,0
37.78649824166233,0,0.9390910511415058,-2.4198261985552945,-1.9998215794882421,3.879913110355084,-1.5395820141443333,0,4.397822885165094,59.2077617318597,-0.8246115109975667,0.8001176208438173,-1.43347874299898,1,2
38.18539872933355,1,1.5134059626572982,-0.01934809359147094,6.387409438950193,-0.6326003074939448,-2.529259196428438,0,-0.8199088790047119,22.14149233983693,-1.3965997653279403,1.216211367931752,-1.8215497373272846,0,1
37.30972094378559,0,0.8702208912609293,0.3928764215760817,1.3037660877814465,2.0320075289032298,1.46525307188555,0,0.7298179735476727,-43.897540529611064,0.7867854928631113,-0.7934751574473327,0.6244221369140308,0,2
39.0034276632896,0,0.04918789943368651,0.2390746907091057,2.555564329411429,1.5884940482316172,-0.9734488423510632,0,0.1992872355186467,-66.1583896794312,-1.002059794857184,-0.34413045504980927,0.23689421311740222,0,0
37.50896295963451,0,-1.2367186259554939,-1.308486734840018,2.3453159496131386,-2.664135155693355,1.6562623989859278,0,1.8351648345782554,103.28096100503674,-0.9120841048197783,0.5024776421354152,-0.07223162469486288,0,0
37.45471564625279,1,0.8619480101078021,3.217376374369981,18.52703030663928,-0.18284996148266708,0.8142054749426908,1,-3.2412341810857352,-78.08522550748276,-0.20469024793486185,0.9075985462549628,-0.7486911967776468,0,1
39.21763290524588,0,-2.0710058564905247,-1.8754895547033938,-6.180818561133155,-2.0393560399421427,-0.8515006374799764,0,0.09174465453326586,24.095085793625774,-0.4226351804120163,-0.09488640932055058,-1.2295428124339218,0,1
37.344952635996435,1,2.63899131042382,-0.493318296291669,-3.895702337223655,1.223974655771295,-0.4656948684785692,0,0.9898801773520435,12.253971971903852,2.2506970850666073,-0.7239115964337551,0.3124846020258635,0,2
38.306293594088174,0,3.1938602020212152,1.060029000802842,30.791799762350813,-1.7356711058147947,0.13454956289536266,0,-1.368322342764583,-15.591166585842227,-2.490657584246263,0.1332685290833501,1.841115075038469,0,1
38.12684451708016,0,-0.5940855533312874,-0.7657132660262271,-2.7384321115167434,2.663207711912402,1.3047007792744378,0,3.034193983690065,1.6091010441064317,0.8820106650271253,-0.42313509618099515,-0.48908410570904687,1,0
37.88371720844545,0,0.22677496838985756,0.03265028327666386,-2.6888080023926015,-1.4049611384107543,0.5169748314201807,0,-0.42574706089126557,18.175592750479446,-0.3902043979964662,-1.0408466070156577,0.7499164190579903,0,1
36.25350236294831,1,-1.7095105930825523,-0.32840560952283604,-7.168573847172027,-0.4736822319313895,1.8358646048234235,0,0.7883597967205672,34.791111004116964,-0.23552828419360478,-0.7876170377984303,-0.6855355414544588,1,0
37.35441510162279,1,-0.3916009558188187,1.9890116605296644,1.0623390597404958,-1.339428552422844,0.5689772817539068,0,-0.49024038237257805,-50.8836760948904,-1.14556633756072,0.5505449119459349,-1.2958709230321084,0,0
38.69503114338792,1,-1.3301735841754518,0.21926483751603332,-10.12481277042251,2.851139525560173,0.32501750496934645,0,1.4797245131063188,-52.41871329697814,-0.641585335890578,-0.8759821169168435,0.732154547189702,0,0
38.86821852904688,0,-0.12646404277789913,2.7347800575051773,-4.839889303586827,1.3582364637795732,-1.042681428405265,1,-0.4494243670611566,-131.92378838180943,1.1583810301484236,1.472896047978794,0.7031535535160495,0,2
38.119486250440474,0,2.266115879267067,-0.8192322756238999,-10.46046640861163,1.4539703800304191,-0.38138221744307393,0,1.185045997415462,6.456640545399536,-0.9562909043522296,-0.3482056616873452,1.177647473204119,0,2
38.086308798010016,1,0.9131077155343964,-1.7969696686724843,-11.496803048049337,-0.8408116584481311,2.2528990912257703,0,-1.4582222585102398,49.921415953262176,-0.24756158759759236,-0.21945795784882696,-2.008222304177264,0,1
38.42096569012545,0,1.138180949915398,0.8705108324555083,17.45949678195501,0.3667458709499267,0.7243352181659354,0,0.7938686632818044,-30.903063023561568,0.4594953527918655,-0.158366553955921,1.1897842285158011,0,2
38.93463999523854,0,4.4555971501313465,0.7187358014962288,-8.407147594703329,-0.8477250350891464,-0.17011403971057795,0,0.6729272652696692,30.412054687524847,0.2637112471435884,0.1855583692433856,-1.889741984776276,0,1
37.94533401298121,0,-1.1028679264675132,1.5924922158574328,14.054214360537623,-1.2873723496650518,-0.6910975202261223,1,-0.9205013676743342,-21.555056030673754,0.7485141719313955,-0.5341489710999957,0.14017356111239015,0,1
37.3627578437232,1,1.1150918866004387,1.0267685331831509,5.378603469475678,-0.5012328093496986,-0.6940262721972543,1,-0.2712594273769867,41.33684817401358,0.26310915983975336,-1.2018923368913808,0.13450345616110404,1,1
36.69829619206624,0,2.132608906844423,-0.41051441891491447,0.37306066884634204,-1.1042850687744605,-2.713188143482993,0,-1.8815280555974112,10.589690538047334,0.3461944340124617,-2.1005453338256066,0.2033523105570259,0,1
37.173915429856635,0,-0.3144648851252221,-2.212019026613764,-6.910516097348143,-2.495204212755243,0.10035253301796776,0,1.1805652411382517,59.9867553750948,-0.13450771175780826,-1.0258495566557373,0.006187086666723094,0,1
38.26970920786322,0,-0.4111147066059675,-0.6371501954143899,12.41972802935341,-0.5305796737991031,-0.2394308039944946,0,-2.4502795995959703,-33.232099231422325,-0.6863706686708054,-0.7659768908995362,0.8068274446008972,0,1
38.05612426143076,0,-0.00015951919249634905,-2.460166553306359,-1.8249225004827343,0.6829457139930317,0.06781508456324074,0,-2.719023852070784,33.12033537942668,-1.2573723657248967,-0.13106473426211565,-0.07529322244752874,1,1
38.38267792822031,0,-1.4745725708389898,-0.9538154689325733,-13.740275763588771,2.002291416283936,-1.4275959350752396,0,-0.5065409734962683,-25.513396576392765,1.0595314300503667,-0.29155059895350766,0.41658549379483606,0,0
37.7051283909505,0,1.3663868013946971,0.11570747879133159,-12.590409463848337,-1.2023667813333518,-1.1669215520644385,0,-1.2111937114299764,10.318668411316038,0.7419463434282454,-0.3806381183417353,-1.3131392834484188,0,1
38.58976439780502,0,0.32008828904394915,0.81503807142669,8.9642820378842,1.031028297150536,-2.138871093322029,0,-1.201332083519398,-97.51371596033289,1.6948386123742936,0.33987277899405577,0.6859575145566341,0,0
38.71767222183829,0,3.388915864021617,-0.022409098349601142,-14.121431783094737,-1.3984892649931961,-0.42694391185021763,0,-2.2724084372591413,2.5943454336545027,0.8310107063065659,-0.12277688537703924,1.3798344846047106,0,1
38.649162640470905,0,0.9107379084595777,-1.009758782964247,22.115327670991704,-1.2315729381786307,0.12206832569166812,0,0.17702877579987342,52.865194938625685,1.7082401869994976,1.6406325249424805,0.17088467863861598,0,1
37.22578172779045,1,1.1921989418307222,0.7956743461112729,8.637745888591189,0.09225055256663806,-0.49814978425917944,0,3.2477607979131218,0.47133481385456827,-0.821438079763399,0.6574789939160316,-0.1217165051709608,0,2
37.29459687773661,1,-3.183244137603781,-2.5658625697062707,1.6368948153734153,-0.9558271681341897,-0.06398127094588311,0,0.6908091679174639,37.2836645920523,-0.010935799506898797,-1.3402112746343042,-0.21864048226372157,0,1
38.14827944114505,0,2.5864599224506897,-0.20570702887385273,-4.930591452230056,-0.08157210062213627,0.026462888001268337,1,-1.0859198977132665,28.35897822977225,0.9479845636518832,-1.5313165636734491,-0.13980451682419195,1,1
38.13289249108169,0,2.1445426398554512,-0.44662337706988486,-29.261532866911242,0.300809496354833,2.005682688106692,0,0.5309357801412218,24.9034579778507,0.4198475632609211,1.0217741980927657,-2.3237375884617983,0,2
37.57401504527284,0,1.710751445827305,-0.46953684957679676,-18.315116084202803,0.6594994317681658,-0.426038047270174,0,-0.37742185337169687,1.1678566487041737,0.948065464618059,-1.2443654710785639,-2.095772927939011,0,2
39.14185724274944,0,1.5137479512905554,-0.4416663784659327,1.1350405797678402,2.475150748202292,-1.0205123279612927,0,2.9243530770275212,-26.722908176905737,-1.0380066287600274,-0.5867231780298671,-0.7176698226322301,0,2
37.25807903492786,0,-1.084617283005416,-0.47435207777164845,-13.312791703975357,0.1898176511387546,-0.19045040628278617,0,1.0494458489148344,37.54305446600368,1.2295594307026338,1.4076096405344518,0.4556075094326513,1,0
38.814623966342445,1,-1.267583870656596,-0.2563995085081917,-19.043677466161892,1.3027716871679333,-0.8833452626073085,0,1.605557212994157,-35.27738580083602,0.4365252440815668,-0.48285382676840166,1.2652363574752827,0,0
37.609632300775516,0,0.48121850870002625,1.6994318398483366,-13.10016194115962,-0.9590880805823736,0.11752516287909191,1,-2.164086739882867,-35.45217692037705,1.3070121892730076,0.6416010268457761,1.1156662453996296,0,1
36.82709207605506,1,1.6680120597100254,0.8736881415257229,12.072566180731755,-1.311135557687769,-1.6878763522390114,0,0.15134897442712192,-31.130642470095925,-0.7624060590055234,-0.18204035121659012,0.196713343462487,0,1
37.967116069470514,1,1.7611382392791932,-0.7791042737627016,11.350698793445591,-1.2270582386625382,0.8988667600347038,0,3.6922616926015595,78.18519581776033,0.4739354272272552,0.2628276997430628,0.27367168517948687,0,2
36.6943547104039,0,-1.2264475023423613,-0.6754125650256748,7.373739187320831,-1.9102752162197154,0.6362975179258323,0,1.6635341299933122,80.78652081472686,-0.9660388699497481,-0.7487950349371684,0.7154017096021374,1,0
37.63459452569188,0,0.23589415025697646,1.081136610647841,8.119383863397054,2.438944018548302,-0.9458203623350521,0,2.104398483190028,-76.00249372250629,1.3093675852169842,-0.8059667229523243,-0.6254422437063463,0,0
37.40243585408216,0,0.7221413520688407,-2.3907175443384694,-10.700966448036848,-0.5709561266006604,2.050035490826051,0,-2.277821592352784,40.98451290333342,0.29970939491428683,0.9682640985238902,-1.6394953599075184,0,1
38.60933466469088,1,-0.47864676201635237,-1.9490785668487363,18.799915937615047,0.8758919316344647,0.05891100047650678,0,1.0519845622973125,85.33419182670673,0.7034991063811806,1.9083620644918868,0.5073450575207633,1,2
36.87967615181486,1,-0.6786397313529391,-0.6289195244711713,3.8722226349967146,0.9271477150568435,-0.7434562400281632,0,0.3722233963776256,-31.521082970267017,-1.41774393607471,0.524928036784668,1.1200052970487873,0,0
38.387179501948,0,-3.0981374002908826,-2.5567653964658534,-18.561253271565196,0.1623813387351536,0.3995393629576456,0,2.3231263363586803,51.961778519795324,0.500845948578533,1.670415456059851,0.8391168934032142,0,0
37.44720099448445,1,3.0681325116721054,-0.16402827761591132,-8.305757566851554,1.1907148169155914,-0.25722299351622735,1,-3.8091086800383143,-33.06891104316607,-0.5528328616462279,-1.8664117915316532,0.1997638234731857,0,1
37.31039631664989,0,2.241457309461066,-1.4502782904914155,11.245479995793401,-2.0235939940910126,-0.2859016501502322,0,-0.41071361381503335,72.36109203392924,0.948256788116515,-0.09853692247480442,-0.14261361113841475,0,1
36.295569257092076,0,-0.4809554060313328,-0.22206755266511768,10.757028496450745,1.5719768458436785,1.2937448098786453,0,3.000060499912499,-6.086108253307084,-0.11339676715072528,0.16351697177800045,-0.32157536333768916,0,2
38.708163782920025,0,2.554167249813849,0.5669692024138773,-13.569428221914764,0.10058820914043176,-1.4990377614086818,1,-2.8971442708657174,-36.82636392442272,1.4051754860074464,0.698952561418214,0.1997480606473438,0,1
37.10402031442523,0,-2.1691741086433916,-0.6491654863585227,-11.000247698155436,1.8800716761247855,-0.5586565686056262,0,-0.7041942203737956,-39.85333387904933,-0.41985906753288593,0.2994179688094664,-0.2790590911289097,0,0
37.71719490556915,0,1.669544448504443,0.6895827182884243,2.1740160253458134,1.9524690623985546,-0.519607678722412,1,1.8849175285917958,-30.05413896717057,-0.7059237502288762,-0.037579596906335784,0.14690004589774858,0,2
38.880128119492035,0,0.9068435362594809,-1.0001231354543885,-8.803694879275255,-0.9941538997537701,0.8288437188025183,0,0.04479517128562005,33.769272806385125,-1.11678950768746,0.800625682450891,1.4861020127739286,0,1
39.77128609522166,0,2.225108569999171,-0.07014967686171436,34.841338556745185,-0.8699921826374641,-0.5148512527823288,0,-0.7977504861631748,22.71276828589838,0.9080747911523367,1.0289127439686414,0.3275342536538254,0,2
39.256925057971145,1,-1.5956656929984634,-2.8648091472680797,-20.039345382218414,-0.8983922746428792,1.134811817454805,0,2.135448950600289,139.837905734921,0.17694043154793485,0.7014076691692269,0.2960773713510699,1,0
36.72867020881382,1,-0.3825352326071474,-0.8492665872425113,-22.836279904609246,1.0877106956614488,-0.4550857222271012,0,-0.9131115297113339,-0.02470364367717434,-1.3998371532786198,0.2715561892684323,-0.5294417085162562,1,0
38.27145237899617,1,-0.00024156895469462647,-0.23018792100763874,-17.947213199465782,-0.5345739226068591,-0.9958602209060256,0,1.3174381836384814,39.93138195261536,-1.2494717226494882,1.0263443182962888,-0.5204906035906205,1,0
37.0705537830967,1,-1.0420061251652208,-0.4793103810842926,14.2006545027683,0.34070838088440314,-0.5474196807089076,0,0.009126442630481568,20.17634769648418,0.6730312494596751,0.8431813560368513,-0.9500954239885929,1,0
38.63251713346044,0,-0.0010713692222844573,-0.4015979931899851,-8.35174436944971,-1.8439738301967887,-0.016102997182018252,0,1.7047475914643198,55.52028607881251,-2.345877173946942,-0.2559199847410302,1.2702859656341168,0,0
38.783085280324514,0,1.029581373589293,0.697773796463272,-19.637553104175044,-1.1903093461694043,-1.065583685354604,0,-0.6359377622345066,-5.843313664904491,-1.28180639026761,-0.4475507148958162,-0.036141000020791715,0,2
36.346426302165284,1,0.13448427784894534,-0.649867689356991,3.594170066921854,-0.7096403364944337,0.47987267148041224,0,-0.9850257872814057,38.449422515668786,-0.07035689471403188,-1.1554627049164927,0.04937381505393819,1,2
36.556116923054546,0,0.3757022874537329,0.2959072680381932,0.36092692462529463,0.4491594430190152,-0.4919744790852554,0,2.1280990475678454,-15.00832409792811,0.8678220212555992,0.6105937992359682,0.6211148538943726,0,2
38.14269418532584,0,1.8858923229230178,-1.1742606425559465,13.220653471503633,-0.42308464475486063,-0.8235613715560339,0,-1.5800374119888163,7.843994049870276,-0.07930748168891466,-0.4243262058433887,-1.1212609888634961,0,1
38.40196008984497,0,-0.17836051349263982,-1.1521897125891396,-2.737511260335568,0.19864218764459196,1.1903168796909038,1,1.653265802970213,93.36887740021315,-0.7551911469553746,-2.5458723029364423,1.668800991317707,1,1
38.7828474510588,0,0.9977787702610087,1.1457045419347502,8.12208076518483,0.3594084529426149,-0.2015414633942213,0,-3.3665411791530175,-120.93664387307064,0.5806326249103789,1.0015119780345292,-0.9021712300252798,0,1
37.23881105710237,0,1.2668543439881859,-0.18505508150459993,-16.556900265946336,2.4390460666915645,-0.33757895766780815,0,3.187238066697071,-45.07614950606821,0.12729952503631067,1.650164863549268,0.19065007365840378,0,2
36.79532146859327,0,-1.3494002387284176,-0.3073867378091856,10.637530005710511,-1.3859686078858964,-1.8412847934813572,0,-0.28258638180327944,31.778957515891303,-0.06573265790442272,-1.0099621343517526,-0.7059210990896623,0,0
36.54815644283903,0,2.2995578022951877,-2.309337968639632,30.677770266590148,-1.8687862684186094,-2.3176464242784296,0,-0.2454288448445887,108.00702599688907,1.5952262816035438,-0.5207377853244244,-0.5968743490321332,1,1
39.62130794245931,0,2.9671257369306208,-1.9281421539618155,5.07777243527594,-3.042577728783093,0.49601028879795717,0,-0.3035795974489046,87.99869392750429,-0.8358687573115716,0.22770876319010305,1.8814196659251425,0,1
37.800170334926705,1,4.361211324463866,-1.8386162015553054,-12.065588006668118,-1.3004492549644522,0.043660751306305354,0,-3.9180406706884403,54.95761296618874,-0.8066298939678286,-1.2389499091562908,0.8911024991100212,0,1
37.77184979828442,0,0.17524326020271885,1.0433489370413855,9.530247944886307,-0.5422430591000336,-2.144586903507863,1,-2.0946894962938476,-46.3618524556911,0.6685647790530327,0.14468131886378258,1.5933353423247405,0,1
37.29187604367246,0,1.2538162786396556,-0.24436283860078012,2.1847395873299877,1.5610176951924049,-1.5362488397751515,0,2.5311931279682303,4.9550090982557515,-1.0820551861811336,1.14629742413441,-0.45407000674122533,0,2
37.330284216604475,0,0.7771085813750926,0.9757724350840253,12.228609984881249,0.12170455492187249,-0.7244277668413931,0,-1.0879391799017903,-52.66420315593668,-0.47296168585975523,0.675440381202175,0.057910273696353966,0,2
36.14241615646844,0,0.1764198468198217,-0.9737725055824368,-6.6868466392678405,1.5791129788806342,1.3856278494286076,0,-0.7492958960074025,-23.264461062481818,-0.4690152070859772,0.7631871783411126,0.1439856195280148,0,0
37.81102146736864,0,0.665811240385084,0.3164696024474287,13.104891113133709,-0.6685642742399027,1.277299606124571,0,1.7178681130479698,1.9334518098582527,0.6673677159185556,-0.04106729484063784,0.2528692935226895,0,2
38.411303753534945,0,0.5951689772584523,-1.0948404843418296,21.175219530599158,1.8883105109356038,0.6251504516568009,0,2.009718716910448,3.0400723667904486,-2.3231767632254714,1.4017615400865437,0.4025998915262987,0,2
38.21625078963644,1,-1.6528774063479899,2.268146636736042,-6.503748600715288,3.7603597744417514,-2.710435921640719,1,1.64890774486548,-128.8889878497677,-0.14226621908413722,1.0208647261387849,0.42008504046344775,0,0
38.051961061422375,0,-1.7090457633551879,1.0365642744139119,-6.700739374393167,1.724137691249695,-0.0554429286056401,1,-1.739471182668595,-41.34724773986649,1.9363665558920906,-1.3522794502651423,-0.8354786172099259,1,0
36.73101220384606,1,1.092824825040524,2.153853281087436,-14.536430481755469,0.40464086154319134,1.055445249805049,1,-3.6046807076724976,-86.94413984366497,-0.4134962267694509,0.8976743974444849,0.16725455444252882,0,1
36.78777314672497,1,0.018354784144779868,-1.2542367476336431,3.544931900849419,-3.0100625740790514,0.10295834764845006,0,0.13535556527011638,38.91733775782708,0.07926467895148513,1.9523320529094847,1.5732584191405767,0,1
37.08155129548845,1,2.5431464534619335,0.23629755632126426,0.7866242797036437,-1.5152404795366983,-0.4210004193812608,1,-0.2374748167278311,71.9256242640778,0.6622835617213275,-0.7699136596307586,-1.3827105829391275,1,1
37.766696091771955,1,1.6399324254196905,-0.523262880655643,0.18271536555565981,0.8736511055993177,-0.9996522777396344,0,0.9100336967308053,14.209656891141522,-1.9504676076771845,-0.7124567259727824,0.5157730401828506,0,2
38.11156730135305,0,-0.1896454643217682,-1.4000205106266599,-2.042410086115153,-1.6681467033794173,-1.7282501441297424,0,2.071367925751365,82.99241565108699,0.989237989831528,-0.11944980497804143,-0.11526823479448135,0,0
36.45812812310456,1,0.5808474124624405,1.3698054236244763,-6.37064248862904,0.2988152209220901,1.7958517391531574,0,-0.10123747065454425,-65.47256355080282,-1.4155242524558538,0.4449650893498335,1.6918624118667134,0,2
39.39776531706845,0,-0.37039226525348634,1.7132704392663722,8.230191263349838,-4.357098215851728,0.6879752501543812,1,1.8294800241047287,116.4342319563468,-0.4762874656560895,0.32879346039246904,-0.8131082458856025,1,1
37.45528053122542,1,2.4875426893065695,0.6058930850497367,-18.556424095766207,-0.38344589820889274,-0.44234556311621,1,-1.2847380102071742,25.11283177878878,0.16175689055754405,0.2377940120759395,0.8734794488022225,1,1
37.68527127957694,0,0.07072512911207951,0.744037736258998,12.115625256135754,-0.7491667196983958,-0.4945868835178582,1,-0.6837526944953642,3.6916192679244597,-0.5547267260175072,1.8453390250306354,-0.2546817471997345,0,1
39.1269825810512,0,-0.16246137108135272,-1.9365111603491707,21.336087459850184,0.6261339443764765,-0.4103120623743395,0,-1.8849748020106678,5.520089143722436,0.14372478678824402,-1.563389316862999,0.6812155679721201,0,0
36.75406812516526,0,1.333106281118106,-1.7649896519010926,-1.6170668919213647,1.5214781932394086,1.8715245274876895,0,1.3518329574194983,71.6264416358888,0.4810984815576894,1.2830771795102895,1.456455662711465,1,2
39.08080520243466,0,-0.9852184965121129,2.5439373809771633,-11.971375286541718,-3.8191006986001805,-0.8165746419030103,1,0.7021816335591944,62.92621689969465,1.0698971961983428,-2.1150704100148783,0.9291764750088662,1,1
38.73603126349474,0,1.0629296198805753,-2.2887608968970126,0.8714436143724547,2.7880614425417023,0.1261884071723082,0,2.7150501715904953,47.066141781590645,-0.2603605071946106,-0.026049238993681945,-1.1484036351835114,1,2
38.05877805055649,0,2.3699087493068425,-1.7664741563785444,12.598813572490323,-2.897612392459994,0.8079039992119997,0,1.006421099025621,131.40839708653425,1.3548441316728543,0.6015368317105295,-1.534817298541356,1,1
36.14589695753264,0,-2.1527635345962954,-2.3143081321476293,5.82728442384137,0.35116785278872764,-0.1474739727625681,0,-0.7030836274668881,76.14342992560891,0.7203645642588601,0.2778955258108569,0.9023191869208502,1,0
38.08369772652028,0,-0.2565333018223803,-0.7465258650698547,13.484190073627415,0.6900848410904173,0.1436322423380759,0,3.7283161945028342,-3.293750446086155,1.837710159544446,1.0902077830736887,-0.6301541237090954,0,0
38.91392738097504,1,1.3872384880168294,-2.4200067314558513,9.115802232756401,2.0082284228170684,-2.5164343402192757,1,1.2143382042778958,102.27707259544118,1.0001118662591981,0.5577629157725262,-0.30117278420678,1,2
38.076947588475704,0,-0.1510329674950246,2.013281795703483,13.48700430142836,-0.3967613123322765,0.22095709716571454,0,-0.1741917989830094,-103.37521351587154,-0.22253057540182142,1.5887408088812964,0.0026889713919103866,0,1
36.44028733230554,1,-1.2039958024283757,-0.7924068420790434,-13.05816225242317,1.176714115788311,-1.4927748988724359,0,0.1519086938355525,-28.137197786242,0.927549729726171,-0.3379120727310164,-0.9722826411419623,0,0
36.23767834897676,0,2.4517969341517167,-0.19962912140485045,14.556980652486754,0.9774630044669035,0.12202119477194344,1,-2.7937954963938,-43.650073046486995,-0.5582486823498722,0.012123986626028415,0.43284152100608597,0,1
38.78573071241723,1,-0.5916500584680433,1.0839067173192682,-23.21440451950393,1.9147161199379887,0.2190094821281132,1,-1.0152626485434655,-100.35804149393779,1.7974567156577845,1.3491224813375602,2.3271004150250967,0,2
36.875548081158264,0,1.5190354743013936,-1.3313656954492712,14.593947634247337,1.744086238920954,0.13804373766780667,0,2.164023120907525,46.812253894005934,2.2322514847031525,0.504893202521348,1.461221443120752,1,2
39.95963263878863,0,-4.067393504164958,-1.556934025351004,5.64992309405347,0.4287094696004691,-0.9722533105094666,0,0.1214693250185589,-8.993778394120284,0.6139446067342815,0.7661005239828498,-2.655153140086859,0,0
36.7959831448559,0,-1.0889229843417083,-1.71530760616128,10.128583555154643,-0.5018844708682033,0.06729413544808495,0,2.584169256094584,109.96585235038141,-0.16039094823956365,2.138018427164115,-0.4221098067023413,1,0
37.334592889241364,0,-2.268487192365377,-2.2071072066687822,7.72170456407342,-3.059201478299338,-0.908164866780051,0,-0.14883799120916685,27.75346683230388,0.8367012664845944,-0.8249624125188596,0.13703737434779012,0,1
40.24018833904779,0,0.5116665699820739,0.2649224952140927,26.39335204036678,0.7329429915960495,1.1895801203474268,0,1.8989652354509554,-55.53076928314697,-0.44822731886281203,-1.1175220738733254,0.531232828377196,0,0
37.97168021269759,0,1.5118524312278794,-0.7139864806961032,-1.417826279105606,-0.40462724871862543,-0.5797999617575841,0,0.24568562431495478,58.8369131166963,-0.9824030961713601,1.3665499597385644,-0.9154517958997118,1,1
37.020635426226086,0,0.04478860495973669,-1.6503579310569478,-5.579603636351919,0.6659825963562693,-0.5555341198848289,0,0.9968004755099362,75.73607934882571,0.6730534194918201,1.3638655186014472,0.32179660394973103,1,2
38.5090919258233,0,-0.3508978518682675,0.38493499115511964,-5.624624037133233,2.5693021666969535,-0.2343447622055068,0,2.48409660796103,-53.92572368628089,0.18967263279602353,-0.6954376666957772,-0.09435793846647533,0,2
37.03854513641894,0,2.037385475043318,-0.3983813327154401,-13.682252030423255,0.6495884157814655,-0.3957408539596474,0,-0.09822162658107025,-7.763102955627846,1.024013342350502,-0.2616613344564838,0.12456981119768441,0,2
36.0391692986843,1,-0.010241681986967066,-1.6373217918766199,0.7748892084965189,0.4483250024736115,0.994792066839654,0,0.25976203534386444,78.94793054152514,-1.0480086705555087,-1.7899785749159498,1.3364392560441898,1,2
37.10594135888281,0,1.8297293783469195,-2.055602803552415,1.2235419143265516,-1.8840029149946944,0.8599003347573806,0,0.2049788912426258,102.15188032282094,-0.7324535265303275,0.9282457905338715,-0.20101530060360184,1,1
38.91410621495151,1,0.07926042773232755,1.6909372105146592,8.66481672247091,1.5026614015240911,-0.9480635970763145,0,1.8571169181717146,-83.64928154081598,-0.24142068319475604,-0.7890992474326155,-0.9738582207054227,0,2
37.14948240719737,0,-1.2459864360036286,2.114417411824874,19.631203192528037,-3.667836632726141,-0.41505957589094783,1,-0.5689534167474011,13.823188618181941,-0.17636047426947427,-0.12636665641505604,-1.393243127779595,0,1
37.26073185238148,0,1.8980295969438248,-0.5143257118369073,-24.138541663824842,-2.020545662562171,1.233446751850295,0,-0.24740175859684488,53.87742520738007,-1.0480871002030645,-0.47041901095833266,-0.8054717928074264,0,2
37.3577958547011,1,-0.5410462868830594,-1.2099663532756826,32.828326396376255,1.3234319344230783,-0.18114373337790338,0,1.285318554096896,52.290303781311124,1.6888990330878397,1.1093337199708353,-0.9886976384859639,1,2
37.78654313061438,0,-1.6009864772975817,-2.6986274826223893,-3.7363150201741284,1.3281375832722229,0.9447041676049114,0,1.983314391495968,98.5567460827531,-1.5317074108406117,-0.37067002906833063,0.013465112927655112,1,2
37.74841707134688,0,0.8855612369395658,-1.7833800698153226,-8.217809161214937,-2.688816583420638,-0.28425542503238527,0,3.8129059058655494,126.14799854660296,1.0771423856523983,0.8046591883385312,0.22009060429818106,0,0
38.82429798569706,0,1.0350696761612783,-0.039719079037304095,22.227839767868826,-0.06262784311288638,0.9796062614618699,0,1.7729702013849735,15.659825166133052,-1.3582563076542324,-0.2010061863796133,0.9700259215660254,0,2
39.729807841052136,0,-0.6942422661384346,2.4059064075168033,9.36319277356172,-1.7979784180938294,0.7922947739480084,1,-1.4370763867869611,-23.540082939801295,1.289214122656317,-0.8235257969320156,1.613657652454615,0,1
36.94965681110492,0,2.533068074580809,0.2535732503016106,6.731913742120119,0.8742413689924687,0.36266143506932624,0,0.29475098997244265,-45.689382817124816,0.11434142725805684,1.069198128660159,-0.3379339033584595,0,2
36.426266977953375,0,2.035234145303711,-2.0421425815775827,-0.46122005532604415,-1.7568376193119795,-1.0833629215880414,0,-1.2836330397727542,90.09830094280316,-0.0590412520888949,-0.4085697403074532,-0.4064538948611302,1,1
38.41527879327922,0,1.4854759821089178,0.6744230601019001,10.409258891049891,2.337718735267659,-0.3078159282988478,0,3.0603042021599025,-51.993710838342686,1.4388284319891627,-2.247980819186311,0.005724453758499292,0,0
38.7462543339311,0,0.132433955575744,1.9359297174933832,4.750144281723807,1.7441202023861349,-0.3042588886617496,1,0.01730882606907136,-104.61896546111159,1.3144278161061165,-0.248259144560259,1.9382636630637364,0,2
37.61866780092384,1,-1.0528434743095858,-2.8150165841717047,-8.282494734825562,-0.1552917413170365,-0.8695980871444993,0,2.070805898141685,65.73099145308652,-0.598977359951824,1.5194149429775707,-0.039841735875491675,0,0
36.548500959039416,0,1.06665420381746,2.3153946918877915,5.114566185205988,1.6870271049926027,1.6543259056728659,1,-0.9663661043875851,-110.49022312528729,-0.17949096647002052,0.0617152931265312,-0.5985673422769344,0,0
40.28139530951022,0,-0.7436142979670144,-2.499752887402356,-8.860939298439586,-0.7526343359191234,-0.6431781848793123,0,-3.6538235498768348,-1.9476419376250256,-0.016486002751092438,-2.2571931909457565,2.356168678164764,0,1
37.666681084480615,0,1.1562198195323,-0.7619759270657385,-10.158667412601483,3.592227107686452,-0.7379782850076663,0,2.950785142494202,-46.65183407209842,-0.3533679890489273,-0.2349858146895532,-0.3268405212572403,0,2
38.00893024469515,1,-1.7909783600193503,3.219953203205291,-7.107950323976727,-2.1213839327292234,-0.06263676311730845,1,-1.1511798080904507,-31.410575814956793,0.1319104113822613,-0.50675931706474,0.1073515460413634,0,1
37.53180133990133,1,1.4632406873870183,0.3764038743737568,2.106603723713008,0.6903130642327551,-2.4636783368261534,0,0.6726277509487598,-48.64282530202424,-1.4234940600822283,-0.6274435658609085,-0.4602009747415299,0,2
38.1448481068355,0,0.6011196026432901,-0.6736450964484839,13.244829468206593,2.7479827490419786,0.0632305904066113,0,2.5479355541174797,0.7774044919557249,0.2551996713528079,0.28229171427877214,-1.6333059390076918,1,0
37.57384962407437,0,-1.2219033043618965,-1.5238046013921331,-18.40679536763751,-1.9916562494759695,-0.8859482308039325,0,1.8949635097419981,103.08933044533497,-0.30665932830230636,0.20990208562066742,-0.10557519976854161,1,0
39.34836676735957,0,-0.24113572605621925,-2.1985710535699656,-25.427503649054362,-2.814046246759305,-0.759607435694754,0,-1.0272389572953224,50.53934093716504,1.2781635844474006,-2.2309400160421617,-0.1975799567888081,0,1
37.36107532948489,0,1.1933983128881,0.8800899610543935,-17.113916715394215,-0.8468106885444859,-0.022587636462588028,0,-1.3006075117718918,-32.111789546775746,0.12750651498610258,-0.7433918681399699,0.2485321530304143,0,2
38.15518680715586,1,2.107392097074845,-0.23483538109113722,2.45767471147769,0.19904573993463925,-0.5419947652402209,0,3.7970962859861634,46.722446457196554,-0.4147678571837433,0.16101605771254332,-0.14449194604690327,0,2
37.035887908649165,1,-0.6630787237787608,1.3509662972455345,-1.6511345737196415,4.01462414322282,1.912624150401133,1,0.46346199044823455,-103.88184022780291,-0.9617833756486851,1.2390408068815661,0.1446043926925251,0,0
36.8872365548949,0,0.29853339261151723,-1.721675998037095,23.5345807226325,1.7254292184823599,-0.9946428641987555,0,-0.26638539394742744,14.142930671568186,0.9200012416709454,-0.509766845895051,-1.452318689594645,1,0
36.781505302230485,0,1.4473876481862973,-0.6291886950608041,6.1486378226100475,1.866010942468702,0.2865481659942297,0,2.5606333097979594,3.072759482601983,-1.0924007535906695,-0.9937556995233846,0.16464513115063703,0,2
36.615544918773786,0,2.8199006547092704,-0.6232928981934625,-6.643262687688502,-0.048052365669673636,1.2480973322455016,1,-0.7875918698805016,44.41851535582479,0.18551252207723393,-0.33122363773400126,-0.08483229338945475,1,1
39.649340140935664,0,-2.8097737028180196,-1.9459490526264651,-11.115306460034951,-1.1252612194456217,0.8348303351511692,0,0.5924758247706484,99.60594318925676,-1.1470648299960373,-0.45403740350987193,0.8144412830474204,1,0
35.950741245158795,0,0.47676226854871717,0.6421788255392475,5.566503445546391,-2.287902454305767,0.6970411564585678,0,-0.16431854168922022,39.73892504565119,-0.21877729572455507,0.18453214404001184,-1.3882357744845502,0,1
38.66173549952662,0,-1.9940483785378067,-2.2427392825672703,13.240542771789986,-1.1567766676131797,-1.3942465706240146,0,0.6528156584312357,40.76746935540459,0.3227535397891537,-0.5483986392968767,0.0778465069411875,0,1
39.34089471952987,0,1.3810371574626523,0.1641070898665099,-0.7170761325480668,-2.0104691316575005,0.8466328077057479,1,0.9144919930852051,91.42751648499335,-1.1488952052071866,-0.05281135849908273,0.41281787191263836,1,1
37.31731114850201,1,2.219308287443821,-0.4703878312116001,12.80404407088698,0.28414680123144187,0.12359499116268303,1,-0.8723656025007085,22.62034703575859,-0.7865429542239285,-1.6208071658552343,-0.05429371865202805,1,1
38.91581833322933,0,-1.8453101784883703,3.9709317358848537,-8.591186616901483,-1.7862752735499088,0.5269515969402953,1,-3.0382709314762875,-99.7178322181519,1.1892914481705033,0.29500495571647267,0.5349113333761397,0,1
